商品标题,商品价格,评论量,标签,商品详情页
德业（Deye）除湿机/抽湿机 除湿量12升/天 家用轻音吸湿器地下室干燥机干衣净化 wifi手机控制DYD-E12A3,632,20万+,"自营,1件9折",https://item.jd.com/1133620.html
美的（Midea）家用除湿机 干衣/抽湿机 除湿量12升/天家用除湿器干衣轻音适用/地下室抽湿CF12BD/N7-DN,633,5万+,"自营,品质认证",https://item.jd.com/100005994202.html
湿腾 ST-8156C 除湿机工业除湿量156升/天 240平地下室车间仓库除湿大功率商用抽湿器,2980,500+,,https://item.jd.com/28549185022.html
德业（Deye）除湿机/抽湿机 除湿量22升/天 家用轻音地下室干衣除湿器干燥机DYD-T22A3,1238,10万+,"自营,秒杀,券1488-200",https://item.jd.com/5776918.html
米家 小米除湿机 家用抽湿机 大除湿量 每日可达22L 五重降噪 卧室轻音 除潮空气 干衣机 智能互联,1199,2万+,自营,https://item.jd.com/100016334291.html
奥克斯（AUX）奥克斯（AUX） 除湿机家用卧室去湿器吸湿干燥除潮防潮小型抽湿神器地下室KDY-DZ04 白色,329,2万+,"自营,每满300-90",https://item.jd.com/10043207071189.html
湿腾ST-820CH梅雨季家用除湿机抽湿机 wifi智控除湿量卧室卫生间大面积干燥吸湿器,1280,54,,https://item.jd.com/10038620593892.html
美的（Midea）家用除湿机 干衣/抽湿机 除湿量18升/天 大平层/地下室吸湿 轻音智能CF18BD/N7-DF3,1055,2万+,"自营,品质认证,1件9折",https://item.jd.com/100005994204.html
美的（Midea）家用除湿机 京东小家Wifi智能生态 小海绵抽湿机/除湿量30升/天大面积工业吸湿CF30BD/N7-DP5,1555,2000+,"自营,1件9折",https://item.jd.com/100023529953.html
德业（Deye）除湿机/抽湿机 京东小家智能生态 除湿量20升/天 家用轻音干燥地下室吸湿app智控 DYD-W20A3,1110,5万+,"自营,1件9折",https://item.jd.com/100002541153.html
德业（Deye）除湿机/抽湿机 除湿量50升/天 App手机遥控 家用地下室复式别墅商用工业吸湿 DYD-D50A3,2220,5万+,"自营,1件9折",https://item.jd.com/1060861.html
志高（CHIGO） 除湿机 家用抽湿机除湿器 卧室地下室干燥机 吸湿去湿除潮防潮小型抽湿神器 【湿度设定+LED触屏+香薰】遥控旗舰款,269,1万+,"京东物流,免邮,每满259-30",https://item.jd.com/10049216439709.html
苏泊尔 (SUPOR )除湿机 家用 抽湿机智能除湿器 室内家庭卧室地下室干燥机 白色,1599,7,,https://item.jd.com/10066842502601.html
百奥（PARKOO）除湿机/抽湿机 22升大除湿量 家用轻音抽湿机 一键干衣 负离子净化地下室别墅吸湿 YDA-826E,998,5万+,"自营,品质认证,1件9折",https://item.jd.com/1282272.html
奥克斯（AUX）除湿机/抽湿机/适用0-40㎡除湿器 家用地下室吸湿器10升/天 干燥机干衣机净化一体KDY10-01W,489,2000+,自营,https://item.jd.com/100021113280.html
欧井（Eurgeen）除湿机/抽湿机 除湿量12升/天 轻音36分贝 家用卧室干衣吸湿地下室干燥机 OJ-128E,610,5万+,"自营,品质认证,1件9折",https://item.jd.com/6910804.html
德业（Deye） 除湿机/抽湿机 除湿器12升/天 wifi手机控制 家用轻音吸湿干燥机地下室干衣机 Z12A3【米家智联版】,699,2万+,"自营,秒杀,每满699-60",https://item.jd.com/70902482735.html
德业（Deye） 除湿机/抽湿机 除湿器12升/天 家用轻音吸湿器、地下室干燥/干衣机 Z12A3【米家智联版】,699,5000+,"京东物流,免邮,每满699-60",https://item.jd.com/70902029224.html
百奥（PARKOO）除湿机/抽湿机 APP手机遥控 150-350平方仓库除湿器地下室别墅商用工业吸湿器YDA-8138EB,2554,1万+,自营,https://item.jd.com/2907839.html
奥克斯（AUX） 奥克斯(AUX) 除湿机 家用抽湿机去湿器吸湿干燥除潮防潮小型抽湿神器地下室 KDY-DZ02,259,1万+,"京东物流,免邮,券259-50",https://item.jd.com/68455635560.html
奥克斯(AUX)除湿机/抽湿机 除湿量10升/天 家用轻音吸湿器地下室干燥机干衣净化 wifi手机控制KDY-01WS,610,500+,"自营,1件9折",https://item.jd.com/100039647538.html
碧浦 除湿机/抽湿机 除湿量35升/天家用除湿器地下室干衣大户型干燥机吸湿器BP35 素雅白,2200,2000+,"京东物流,券2200-160",https://item.jd.com/10060994547163.html
OIDIRE 德国OIDIRE 除湿机家用抽湿机抽湿去湿器吸湿除潮防潮小型抽湿神器地下室卧室居家公寓宿舍办公室 除湿机 ODI-CSJ01 玛鲁白,349,1万+,"券1500-120,满299-110,赠",https://item.jd.com/10045652410030.html
JHS 除湿机/抽湿机 家用静音智能除湿器 地下室压缩机式除潮机 辅助净化干衣吸湿干燥机 日量（12 L）,499,2万+,"京东物流,免邮",https://item.jd.com/1130376609.html
湿腾ST-850CH除湿机抽湿器除湿量50升 地下室别墅大面积雨季上排水祛潮大功率,2180,100+,,https://item.jd.com/10038631067556.html
海尔（Haier）除湿机/抽湿机 除湿量12升/天 家用轻音抽湿器卧室干燥机地下室 CF12-PS1,665,2000+,"自营,1件9折",https://item.jd.com/100038138864.html
百奥（PARKOO）除湿机/抽湿机 24L大除湿量 APP手机控制 干衣净化家用地下室抽湿别墅卧室PD253D,1330,5000+,"自营,品质认证,1件9折",https://item.jd.com/100009166208.html
德业（Deye）除湿机/抽湿机 除湿量21升/天 家用轻音别墅地下室除湿器干燥机米家智能款DYD-U20A3,1824,2000+,"自营,1件9折",https://item.jd.com/100030863170.html
志高（CHIGO） 除湿机 家用抽湿机卧室地下室迷你除湿器吸湿去湿干燥机 【负离子净化+UV紫外线+香薰】,269,1万+,"京东物流,免邮,每满263-20",https://item.jd.com/10029793512287.html
bures(百而思)除湿机器家用抽湿机除潮机卧室吸湿去湿防潮小型地下室房间空气干燥机20㎡ 家居智能除湿机,399,500+,自营,https://item.jd.com/10054195336178.html
湿腾 ST-890C 工业除湿机除湿量90升/天适用面积150平米内大功率仓库地下室大面积抽湿器,2580,200+,,https://item.jd.com/28483655277.html
德业（Deye） 除湿机/抽湿机 智能除湿器 家用轻音/地下室 20L/天干燥/干衣机 wifi控制 N20A3,1288,2000+,"自营,秒杀,每满1288-118",https://item.jd.com/70425604104.html
京东京造 除湿机/抽湿机 除湿量24升/天 家用地下室抽湿净化干衣除湿器,1099,1万+,"自营,秒杀",https://item.jd.com/100022750460.html
百奥（PARKOO）除湿机/抽湿机/干衣 60升除湿量 家用地下室别墅商用吸湿 PD602AR,1888,1万+,"自营,1件9折",https://item.jd.com/2789857.html
格力（GREE）抽湿机/除湿机 除湿量20升/天 家用轻音卧室办公室地下室干衣 智能数控(DH20EH),1780,2万+,自营,https://item.jd.com/1511114.html
百奥（PARKOO）除湿机/抽湿机 22升大除湿量 家用轻音抽湿机 一键干衣 负离子净化地下室别墅吸湿器 YDA-826E,998,5万+,自营,https://item.jd.com/1282272.html
奥克斯 （AUX） 除湿机家用大功率液晶显示抽湿机负离子空气净化地下室干燥去湿干衣 KDY10-01W,529,1000+,"京东物流,免邮,每满529-30,赠",https://item.jd.com/10028164720329.html
海尔（Haier） 除湿机/抽湿机/除湿器 12L/天 家用轻音卧室地下室档案室吸湿器 干燥机干衣机 负离子除菌DE12DU1,699,2000+,"京东物流,免邮,券3000-50,,",https://item.jd.com/10042939025570.html
格力（GREE）抽湿机/除湿机 除湿量12升/天 家用轻音卧室办公室地下室低噪干衣升级负离子 (DH12ENA1A),980,500+,自营,https://item.jd.com/100023529949.html
Jessga除湿机室内防潮专用地下室抽湿机家用卧室吸湿器空气干燥机小型辅助干衣 标准款（单核+智能恒湿+2.8L水箱）,439,20,"新品,券350-60,满200-30",https://item.jd.com/10067974351803.html
斯泰得乐（Stadler Form）除湿机别墅家用卧室地下室干衣抽湿机房间干燥智能控湿Albert Albert智能版(预售预计发货2月23日）,4999,1000+,,https://item.jd.com/10048210833818.html
美的（Midea）家用除湿机 京东小家WIfi智能生态 除湿量50升/天抽湿机 大仓库地下室工业CF50BD/N7-DP5,2333,1000+,"自营,1件9折",https://item.jd.com/100023530003.html
京东京造 除湿机/抽湿机 除湿量22L/天 家用除湿器 六重降噪 睡眠轻音 智能恒湿调节 APP智联 4.8L大水箱,999,1000+,自营,https://item.jd.com/100027901359.html
格力（GREE） 除潮除湿机家用 轻音抽湿机 干燥机 wifi智能室内干衣空气净化卧室去湿机 DH25EPA1C,2780,100+,"自营,券2500-100,每满2700-200",https://item.jd.com/10047710727175.html
京东京造 除湿机/抽湿机 除湿量12升/天 家用卧室抽湿地下室干衣除湿器,549,5000+,"自营,秒杀",https://item.jd.com/100023968472.html
海尔（Haier） 除湿机/抽湿机/除湿器 12L/天 家用轻音卧室地下室档案室吸湿器 干燥机干衣机 负离子除菌DE12DU1,699,100+,"京东物流,免邮,每满659-100",https://item.jd.com/10057084781617.html
德业（Deye）除湿机/抽湿机 除湿量22升/天 家用轻音地下室干衣除湿器干燥机DYD-T22A3,1238,10万+,自营,https://item.jd.com/5776918.html
线下同款美的（Midea） 除湿机抽湿器12升18升20升30L50L手机控制干衣家用商用工业地下室卧室 12升性价比之选【20平方】,569,500+,券10000-300,https://item.jd.com/10055974717271.html
德业（Deye） 【旗舰款】德业除湿机抽湿机除湿量48升 家用地下室复式别墅商用工业吸湿L48A3,1980,500+,"京东物流,免邮",https://item.jd.com/10032865049607.html
海尔（Haier） 除湿机/抽湿机 除湿量12升/天 家用轻音吸湿器地下室干燥机干衣机 CF12-KAE,699,2000+,"京东物流,免邮,每满699-100",https://item.jd.com/10037577279960.html
德业（Deye） 除湿机家用地下室别墅抽湿机除湿器 大功率工业轻音去湿机干燥机除潮F20C3,1288,1万+,"京东物流,免邮",https://item.jd.com/10782793597.html
海尔（Haier）除湿机/抽湿机 京东小家智能生态 除湿量12升/天 家用轻音抽湿卧室app智控 CF12-PS2,720,500+,"自营,1件9折",https://item.jd.com/100021955063.html
海信（Hisense） 除湿机家用抽湿机卧室除湿器吸湿干燥除潮防潮小型抽湿神器 10L/天（整屋除湿）CF10BD/G,499,2000+,,https://item.jd.com/10047545201221.html
奥克斯 （AUX）除湿机家用卧室小型空气吸湿器地下室工业抽湿大功率干燥机KDY-D10AFDR2V6,599,200+,"京东物流,免邮,每满599-50,赠",https://item.jd.com/10028164636681.html
苏宁宜品 除湿机家用小型抽湿机卧室静音吸湿器地下室防潮除湿器去湿除潮干燥机 克莱因蓝升级款,259,60,"免邮,券109-30",https://item.jd.com/10067554031526.html
松下（Panasonic） 除湿机家用 除湿干衣两用抽湿机自动除霜地下室空气干燥机便携移动去湿 日量8升F-C16YCR,1199,2000+,京东物流,https://item.jd.com/56335946664.html
松下（Panasonic）除湿机/抽湿机 家用卧室办公室地下室轻音干衣吸湿F-C16YCR,1199,2万+,自营,https://item.jd.com/100000117862.html
海信（Hisense） 除湿机家用抽湿机卧室除湿器吸湿干燥除潮防潮小型抽湿神器 12L/天（整屋）CF12BD/GS,569,2000+,券499-30,https://item.jd.com/10047545201222.html
奥克斯除湿机家用卧室去湿器吸湿干燥除潮防潮小型抽湿神器地下室KDY-DZ02 白+金,259,5000+,"免邮,满199-40",https://item.jd.com/65668824867.html
美的（Midea） 除湿机/抽湿机 家用净化干燥机 别墅地下室商用工业大功率吸湿器 卧室干衣机 12L【2-20㎡】家用性价比优选,569,72,,https://item.jd.com/10060726881378.html
志高（CHIGO） 除湿机家用抽湿机12升/天卧室地下室净化干衣机除湿器 12L【适用100方】,559,500+,"京东物流,免邮",https://item.jd.com/10032620262496.html
欧井除湿机家用抽湿机12升地下室卧室小型吸湿器OJ-129E,599,5000+,"自营,券300-30,每满590-50",https://item.jd.com/10024509250579.html
奥克斯 （AUX）除湿机家用 卧室去湿器吸湿干燥除潮防潮小型抽湿神器地下室 KDY-DZ05A(黑+白）,299,1000+,"京东物流,免邮,每满299-60",https://item.jd.com/10053542666116.html
湿腾 ST-8138C 除湿机/抽湿机 138升/天200平适用 工业商用大功率地下室别墅仓库吸湿器,2780,100+,,https://item.jd.com/37236780403.html
海尔（Haier）除湿机/抽湿机 京东小家智能生态 除湿量20升/天 家用除湿机轻音干衣 app智控 CF20-PK1,1220,2000+,"自营,1件9折",https://item.jd.com/100018462261.html
志高（CHIGO）除湿机家用抽湿机除湿器 12升/天 卧室地下室轻音净化干燥机干衣机 12L-升级款【节能低噪 一键干衣】,599,2000+,"京东物流,免邮,每满589-40",https://item.jd.com/10049292635290.html
苏泊尔（SUPOR）除湿机/抽湿机 除湿量20升/天 家用轻音地下室干衣除湿器干燥机 白色,1699,16,"京东物流,新品,满1599-400",https://item.jd.com/10067271729445.html
格力（GREE）抽湿机/除湿机 除湿量12升/天 家用轻音卧室办公室地下室低噪干衣长效定时 (DH12EN),888,2万+,自营,https://item.jd.com/100006102400.html
海尔（Haier） 紫外线杀菌除湿机/抽湿机 适用25-85平方米 家用卧室地下室 静音WIFI智能 小海绵 DE12A,999,5000+,"京东物流,免邮,券2000-50,",https://item.jd.com/49292896026.html
奥克斯 （AUX）除湿机家用抽湿机卧室去湿器吸湿干燥除潮防潮小型迷你抽湿器地下室干燥机 KDY-DZ02G,239,2000+,"免邮,每满239-10,赠",https://item.jd.com/10038894565352.html
奥克斯（AUX）奥克斯（AUX） 除湿机家用抽湿吸湿室内干燥机工业除潮大功率地下室KDY-DP22A 白色,1388,1000+,"自营,满1300-389",https://item.jd.com/10030323516396.html
格力（GREE）抽湿机/除湿机 除湿量40升/天 别墅家用卧室办公室地下室商用工业干衣 智能数控(DH40EF),2680,2万+,自营,https://item.jd.com/1511126.html
海尔（Haier）除湿机/抽湿机 京东小家智能生态 除湿量36升/天 家用地下室别墅工业除湿机app智控 CF36-PK1,1665,2000+,"自营,1件9折",https://item.jd.com/100025079055.html
美的（Midea）家用除湿机 干衣/抽湿机 除湿量47升/天快速见效家用别墅/地下室商用工业吸湿CF47BD/N7-DP4,2110,5000+,"自营,1件9折",https://item.jd.com/100007140985.html
苏泊尔 (SUPOR )除湿机 家用 抽湿机智能除湿器 室内家庭卧室地下室干燥机 白色,1599,7,"新品,免邮,每满1599-800",https://item.jd.com/10066842502601.html
百奥（PARKOO）除湿机/抽湿机 APP手机遥控 150-350平方仓库除湿器地下室别墅商用工业吸湿YDA-8138EB,2554,1万+,"自营,1件9折",https://item.jd.com/2907839.html
格力（GREE） 除湿除潮机家用地下室卧室内抽湿机低噪干衣干燥除湿器小档案室去湿机吸湿12升 DH12EN,888,5000+,自营,https://item.jd.com/64198727510.html
松井（SONGJING）除湿机/抽湿器 除湿量20升/天,999,5000+,自营,https://item.jd.com/100008401344.html
美的(Midea)除湿机/抽湿机 京东小家智能生态 除湿量12升/天吸湿器 app智控uv/正负离子净化CF12BD/DQ1,1099,1000+,自营,https://item.jd.com/100030176346.html
格力（GREE）抽湿机/除湿机 别墅家用卧室办公室低噪干衣除湿器 20升/天 适用40平方米以内 智能数控(DH20EF),1880,5000+,自营,https://item.jd.com/1511115.html
多乐信（DOROSIN）除湿机/抽湿机 150-350平方米 车间仓库地下室别墅工业大功率DR-1502L,2550,2万+,"自营,1件9折",https://item.jd.com/2340823.html
格力（GREE）抽湿机/除湿机 家用卧室办公室低噪干衣除湿器 40升/天 适用120㎡以内 智能数控(DH40EH),2680,1万+,自营,https://item.jd.com/1511120.html
德业（Deye）除湿机/抽湿机 除湿量58升/天 家用地下室别墅干衣变频吸湿DYD-V58A3,3580,2000+,"自营,1件9折",https://item.jd.com/6440508.html
涂岳 （Toyoun）商用除湿机仓库配电室地下室办公室酒店工业大功率大型抽湿器 TC-100L,2099,500+,,https://item.jd.com/10056575770101.html
奥克斯(AUX)除湿机/抽湿机 除湿量22升/天 家用轻音地下室干衣除湿器干燥机wifi手机控制KDY-DP22A1,1300,500+,"自营,1件9折",https://item.jd.com/100039647518.html
奥克斯（AUX） 除湿机家用卧室抽湿机空气吸湿器除潮神器地下室大功率KDY10-01W KDY10-10W,589,2000+,"京东物流,免邮,券589-100",https://item.jd.com/68456074124.html
志高（CHIGO） 除湿机/抽湿机/除湿器 20升/天 家用轻音净化 卧室地下室工业干燥机干衣机 20L-旗舰款【负离子净化+强力】,999,2万+,"京东物流,免邮,每满979-100",https://item.jd.com/10053058455861.html
志高除湿机家用卧室小型抽湿地下室除湿器大功率抽湿机吸湿干燥机 智能款,269,500+,免邮,https://item.jd.com/10021427109441.html
松京（SenseGene）抽湿除湿机家用轻音12升/天 吸湿器地下室干衣负离子净化干燥机DH06,569,5000+,"自营,1件9折",https://item.jd.com/100007937211.html
奥克斯（AUX） 除湿机家用抽湿机卧室低噪音地下室迷你除湿器吸湿去湿干燥机,239,10万+,"京东物流,免邮,满219-10",https://item.jd.com/28272212617.html
百奥（PARKOO）除湿机/抽湿机/干衣 除湿量12升/天 家用低音除湿器地下室衣帽间干衣HD165A,599,2万+,"自营,1件9折",https://item.jd.com/1299656.html
奥克斯（AUX）奥克斯（AUX） 除湿机家用小型抽湿机吸湿器除潮神器地下室大功率KDY10-01W 白色,699,1000+,"自营,每满699-150",https://item.jd.com/10030320254070.html
苏宁宜品除湿机抽湿机家用除湿器卧室抽湿器室内地下室干燥机小型干衣机吸湿去湿防潮专用 标准款-单核+空气净化,419,25,"新品,券300-90,满200-30",https://item.jd.com/10067872618544.html
海尔（Haier）海尔（Haier） 除湿机/抽湿机 除湿量22升/天 家用轻音 净化吸湿器地下室档案室干燥机 干衣机 DE22J,1199,2000+,"京东物流,秒杀,免邮,券2000-50,,",https://item.jd.com/10049410197889.html
志高（CHIGO） 除湿机 家用抽湿机卧室地下室迷你除湿器吸湿去湿干燥机 【湿度设定+LED触屏+香薰】遥控升级款,239,200+,"京东物流,免邮",https://item.jd.com/10055833113691.html
德业（Deye） 除湿机/抽湿机除湿器20升/天家用轻音干燥地下室吸湿app/wifi智控 DYD-X20A3,1288,2000+,"自营,秒杀,每满1288-150",https://item.jd.com/72365993045.html
德业（Deye） 除湿机家用轻音抽湿机 智能除湿器20L/天DYD-N20A3 APP版,1288,5000+,"京东物流,免邮,每满1288-118",https://item.jd.com/1611083596.html
奥克斯 （AUX） 除湿机家用抽湿机卧室轻音地下室除湿器吸湿去湿干燥机 负离子净化+8H定时+LED显示,229,1000+,"京东物流,免邮,每满229-20,赠",https://item.jd.com/10028191050256.html
志高（CHIGO）除湿机/抽湿机 除湿量12升/天 家用轻音除湿器地下室吸湿器干燥机干衣机负离子净化 12L-旗舰款【负离子净化+全屋除湿】,599,1万+,,https://item.jd.com/10068241193209.html
hysure 除湿机家用抽湿机卧室宿舍轻音迷你回南天除湿器吸湿去湿小型干燥机 Q1-轻音除湿机,189,1万+,"京东物流,每满189-50",https://item.jd.com/46917262292.html
海尔（Haier）除湿机/抽湿机/除湿器 12L/天 家用轻音卧室地下室档案室吸湿器 干燥机干衣机 CF12-KAE,699,7,"京东物流,免邮,每满699-100",https://item.jd.com/10067866884699.html
苏泊尔(SUPOR 除湿机家用轻音卧室客厅大功率抽湿器宿舍多功能干衣净化 EDIH-01A-12 白色,999,24,"自营,新品,每满999-200",https://item.jd.com/10066957514432.html
多乐信（DOROSIN）除湿机/抽湿机 适用面积20-40平方 除湿量21升/天 压缩机 家用地下室吸湿 HD-260E,1100,2000+,"自营,1件9折",https://item.jd.com/100015518371.html
奥克斯 （AUX） 除湿机家用卧室去湿器吸湿空气净化干燥除潮防潮小型抽湿地下室 KDY-DZ03,329,100+,"京东物流,免邮,每满329-30,赠",https://item.jd.com/10035395042023.html
百奥（PARKOO）除湿机/抽湿机 24L大除湿量 APP手机控制 干衣净化家用地下室抽湿器别墅卧室PD253D,1330,5000+,自营,https://item.jd.com/100009166208.html
欧井除湿机家用抽湿机地下室40升仓库别墅卧室大户型泵压自动向上排水吸湿wifi OJ-401白色,1699,200+,"自营,券1500-120,每满1590-200",https://item.jd.com/10061532640353.html
爱心东东美的（Midea） 美的(Midea) 除湿机 抽湿机 小海绵除湿机 除湿量70升 大功率净化 工厂商用 12L-家用优选,599,2,"新品,免邮,赠",https://item.jd.com/10067824455687.html
欧井（Eurgeen）除湿机/抽湿机 除湿量20升/天 适用面积40-120㎡ 家用地下室轻音净化干衣吸湿 OJ-231E,1210,5万+,"自营,1件9折",https://item.jd.com/2460075.html
志高（CHIGO）除湿机家用抽湿器 干衣抽湿机日除湿量20L 卧室客厅地下室工业去湿除霉除菌干燥机 升级款【手机APP+负离子净化】,1099,5000+,"京东物流,免邮,每满1050-100,赠",https://item.jd.com/10066604046888.html
奥克斯（AUX）除湿机家用抽湿机卧室静音地下室迷你除湿器吸湿去湿干燥机KDY-DZ01 白色,239,2000+,"免邮,每满230-30",https://item.jd.com/36167311950.html
美资森美(MEIZISENMEI)低温除湿机工业冷库抽湿器医药食品仓库除湿机0℃不结冰 DWHK5138BE,3299,1000+,,https://item.jd.com/10025151887352.html
Jessga除湿抽湿机家用卧室轻音去湿机地下室小空间干衣吸湿器 双核除湿+负离子+空气净化,459,2000+,"券300-50,满200-30",https://item.jd.com/10055047593043.html
美的（Midea） 除湿机除湿器12L/天 抽湿器卧室干衣机 轻音干燥烘干大平层 地下室家用吸湿 12L-家用性价比优选（25平内）,649,2万+,"免邮,满649-50,赠",https://item.jd.com/10063284547189.html
多乐信（DOROSIN）除湿机/抽湿机 除湿量42升/天 App手机遥控 家用地下室复式别墅商用工业吸湿 HD-420,1533,2000+,"自营,1件9折",https://item.jd.com/100023352073.html
多乐信（DOROSIN）除湿机/抽湿机 适用面积120平方 除湿量30升/天 压缩机 家用地下室吸湿ER-630E,1190,98,"自营,券1100-100",https://item.jd.com/100032762823.html
斗禾 （DOUHE)除湿器家用除湿机桌面小型抽湿机干燥机卧室迷你吸湿器室内防潮抽湿净化空气去湿机 湘叶黄,299,5000+,"京东物流,免邮,满280-30",https://item.jd.com/10027429771133.html
湿美（MSSHIMEI）工业除湿机 适用:80~200㎡车间仓库地下室除潮抽湿器MS-860D,1699,0,"自营,厂商配送",https://item.jd.com/100042376628.html
Jessga除湿抽湿机家用卧室轻音去湿机地下室小空间干衣吸湿器 除湿+空气净化,419,2000+,"券300-50,满200-30",https://item.jd.com/10055047593042.html
志高（CHIGO） 除湿机/抽湿机/除湿器 20升/天 家用轻音净化 卧室地下室工业干燥机干衣机 20L-旗舰款【负离子净化+强力】,999,1000+,"京东物流,免邮,每满979-70",https://item.jd.com/10060483634930.html
TCL 除湿机家用干衣机抽湿机100平米整屋除湿卧室地下室仓库轻音净化除湿器 2023升级款 16L 大量款,1199,1000+,券1169-370,https://item.jd.com/10044916104357.html
志高（CHIGO） 除湿机家用抽湿机 便携式小户型卧室地下室内吸湿神器干燥机 轻音低噪低功率宿舍可用 家用-标配版,159,98,"免邮,每满149-20",https://item.jd.com/10058388770897.html
奥克斯（AUX） 除湿机家用大功率液晶显示抽湿机负离子空气净化地下室干燥去湿干衣KDY10-01W 白色,699,1000+,"自营,满650-60",https://item.jd.com/10026602807544.html
志高（CHIGO） 除湿机/抽湿机/除湿器 20升/天 家用轻音净化 卧室地下室工业干燥机干衣机 20L-旗舰款【负离子净化+强力除湿】,999,2万+,,https://item.jd.com/10053058455861.html
志高（CHIGO） 除湿机家用抽湿机卧室地下室迷你除湿器吸湿去湿干燥机 【负离子净化+UV紫外线+香薰】,299,100+,"京东物流,免邮,每满289-50",https://item.jd.com/10054598616873.html
苏宁宜品 除湿机家用小型抽湿机卧室静音吸湿器地下室防潮除湿器去湿除潮干燥机 克莱因蓝旗舰款,289,60,"京东物流,免邮,券109-30",https://item.jd.com/10067554031527.html
格力（GREE） 除湿机家用20-40㎡客厅卧室静音祛味除潮湿气抽湿机 室内空气净化吸湿干燥机 DH12EN（12L日量+小巧便携 急速）,888,100+,"京东物流,免邮",https://item.jd.com/10029720622199.html
松井（SONGJING）除湿机/抽湿器 除湿量20升/天 京东小家智能生态 家用净化干衣APP智能地下室抽湿机,999,5000+,自营,https://item.jd.com/100008401344.html
苏宁宜品 除湿机家用小型抽湿机卧室静音吸湿器地下室防潮除湿器去湿除潮干燥机 克莱因蓝普通款,229,60,"京东物流,免邮,券109-30",https://item.jd.com/10067554031525.html
美资森美(MEIZISENMEI)升温型工业除湿机大功率烘干加热抽湿器仓库车间地下室 SWHK5156BE,3499,4,"自营,厂商配送",https://item.jd.com/100021135965.html
海尔（Haier）海尔（Haier） 除湿机/抽湿机 除湿量30升/天 家用轻音 吸湿地下室档案室干燥机 干衣机 DE30J,1699,500+,"京东物流,免邮,券2000-50,",https://item.jd.com/10054098555540.html
欧井（Eurgeen）京东小家智能生态 除湿机/抽湿机 除湿量22升/天 京品家电 家用杀菌净味智控 OJ-223E,1554,2万+,"自营,1件9折",https://item.jd.com/100003374697.html
格力（GREE） 除湿机家用卧室衣柜抽湿器迷你小型小空间干衣干燥吸湿去湿除潮抽湿机 DH03PAA1A,458,100+,"自营,每满450-20",https://item.jd.com/10059884139611.html
德业（Deye） 除湿机家用抽湿机除湿器工业地下室别墅干燥机吸湿器去湿机抽湿除潮机G25A3,1299,1万+,"京东物流,免邮",https://item.jd.com/16063724860.html
松下（Panasonic） 除湿机家用地下室/办公室/卧室抽湿机 除潮低噪音干衣机吸湿机干燥 F-C16YCR 日量8L/适用20m2以内,1379,54,满999-180,https://item.jd.com/10044341479994.html
志高（CHIGO）除湿机家用抽湿器 干衣抽湿机日除湿量20L 卧室客厅地下室工业去湿除霉除菌干燥机 升级款【手机APP+负离子净化】,1099,5000+,,https://item.jd.com/10066604046888.html
松井（SONGJING）除湿机/抽湿机 除湿器55升/天 双面高速除湿 APP手机智控 家用工作室别墅地下室工业吸湿,1999,2000+,自营,https://item.jd.com/100000327763.html
志高（CHIGO） 除湿机家用抽湿机卧室低噪地下室迷你除湿器吸湿去湿干燥机 标准款【UV灯杀菌+香熏】,299,85,"京东物流,免邮,每满289-50",https://item.jd.com/10054571992963.html
志高（CHIGO） 除湿机/抽湿机/除湿器家用轻音净化吸湿器卧室地下室工业干燥机干衣机 12升/天-升级款【负离子净化+强力】,599,1万+,"京东物流,免邮,每满579-10",https://item.jd.com/10047796602241.html
米家 小米除湿机 家用抽湿机 大除湿量 每日可达22L 五重降噪 卧室轻音 除潮空气 干衣机 智能互联,1199,200+,"自营,厂商配送",https://item.jd.com/100040163427.html
松下（Panasonic）除湿机/抽湿机家用 除湿量10升/天轻音干衣干燥地下室吸湿 F-YCJ10C-W（白色）,1799,200+,自营,https://item.jd.com/100025726985.html
奥克斯AUX除湿机家用抽湿机卧室地下室小型除湿器去湿除潮干燥机智能恒温除湿机DZ04 白色DZ04 家用除湿机,328,17,新品,https://item.jd.com/10065762248221.html
夏新除湿机抽湿机 除湿量22升/天 家用卧室客厅轻音别墅地下室除湿器干燥机 【22L升级LED液晶屏】/干衣/净化一体机,1299,0,"新品,满1000-400",https://item.jd.com/10068254168699.html
赛特斯（cetus） 除湿机家用卧室小型抽湿机节能省电地下室除潮干燥吸湿除湿器,119,1万+,免邮,https://item.jd.com/1317084410.html
德尔玛（Deerma）干衣除湿小型迷你除湿盒 可循环除湿器 干燥防潮除湿DEM-CS50M,69,2万+,"自营,券300-30",https://item.jd.com/100003430148.html
松京（SenseGene）除湿机/抽湿机 除湿量20L/天 家用地下室吸湿器 干燥机干衣净化 DK02,1110,500+,"自营,1件9折",https://item.jd.com/100018769010.html
斯泰得乐（Stadler Form）除潮除湿机小型家用卧室空气吸湿抽湿机房间排湿器Albert小号 小号白色Albert,3699,200+,,https://item.jd.com/67771200192.html
松下（Panasonic）除湿机/抽湿机家用 除湿量17升/天轻音干衣干燥地下室吸湿 F-YCJ17C-X,2699,100+,自营,https://item.jd.com/100025726983.html
多乐信（DOROSIN） 除湿机/抽湿机 家用轻音除湿器卧室地下室吸湿器 APP手机遥控ER-612,799,2000+,"京东物流,免邮,每满799-112",https://item.jd.com/27209167701.html
yangzi 扬子 除湿机家用抽湿机卧室迷你吸湿干燥机地下室除湿器除湿神器 抽湿器【水漫即停+空气净化+干衣防霉+水管】,139,1000+,"京东物流,免邮,每满100-10",https://item.jd.com/10034316672582.html
Jessga除湿机室内防潮专用地下室抽湿机家用卧室吸湿器空气干燥机小型辅助干衣 旗舰款（双核干衣+负离子净化+防倾倒断电）,474,20,"新品,秒杀,券350-60,满200-30",https://item.jd.com/10067974351805.html
志高（CHIGO） 除湿机家用抽湿机12升/天卧室地下室净化干衣机除湿器 12L-负离子,559,78,"京东物流,免邮,赠",https://item.jd.com/10055114517104.html
艾普莱斯AIRPLUS家用除湿机 节能吸湿器/全自动地下室抽湿机/除湿气干燥机/干衣 AP01-906EB【专享】,239,100+,自营,https://item.jd.com/100028850719.html
苏泊尔（SUPOR）除湿器家用除湿机抽湿机除湿量12升/天吸湿器干衣轻音适用地下室抽湿 白色,1099,45,"京东物流,新品,满999-200",https://item.jd.com/10066214116598.html
德尔玛（Deerma） 除湿机 小型迷你家用相机 橱柜除湿盒除湿器 防潮抽湿去湿CS50M,69.9,100+,免邮,https://item.jd.com/68434926503.html
南极人（Nanjiren） 除湿机家用卧室静音抽湿机宿舍干燥吸湿神器小型室内地下室 除湿机 白,118,200+,,https://item.jd.com/10056258106917.html
浩立德 除湿机家用抽湿机卧室除湿器吸湿静音去湿器除潮地下室干燥机 白色--旗舰款+双核强劲,499,5000+,"免邮,券369-100",https://item.jd.com/10052308802274.html
美资森美(MEIZISENMEI)耐高温除湿机工业大功率加热烘干房食品药材木料茶叶抽湿机 耐高温GWHK5480BE,10900,1,"自营,厂商配送",https://item.jd.com/100021551275.html
志高（CHIGO）除湿机家用卧室抽湿机空气去湿器吸湿器除潮干燥智能除湿/负离子净化 白色,159,11,新品,https://item.jd.com/10067171287617.html
松下（Panasonic）除湿机/抽湿机家用 除湿量22升/天轻音干衣干燥地下室吸湿 nanoeX除菌防霉 F-45C2YTC,3699,100+,自营,https://item.jd.com/100040934137.html
欧井（Eurgeen）京东小家智能生态 除湿机/抽湿机 除湿量20升/天 家用地下室净化干衣轻音 OJ-211E,1208,2000+,"自营,1件9折",https://item.jd.com/100013659286.html
奥克斯（AUX）除湿机/抽湿机除湿量10升/天家用轻音吸湿器地下室酒窖干燥机干衣 KDY-01W-凸形操控面板-日量10L,549,2000+,"京东物流,券549-50",https://item.jd.com/10031595388237.html
志高（CHIGO） 除湿机家用抽湿机卧室低噪地下室迷你除湿器吸湿去湿干燥机 标准款【UV灯杀菌+香熏】,269,5000+,"京东物流,免邮,满259-20",https://item.jd.com/10023278660451.html
志高（CHIGO） 工业除湿机抽湿机 大功率适用100-200平方仓库地下室别墅工业商业大功率除湿 60L-大功率除湿,2599,1万+,,https://item.jd.com/10047796048799.html
海信（Hisense）海信（Hisense）除湿机抽湿机除湿器12升每天适用20-60平米家用轻音抽湿负离子净化 大屏触控,699,2000+,"自营,每满698-130",https://item.jd.com/10045982400794.html
奥克斯 （AUX） 除湿机家用抽湿机卧室轻音地下室除湿器吸湿去湿干燥机 负离子净化+8H定时+LED显示,229,200+,"京东物流,免邮,每满229-20",https://item.jd.com/10053624596349.html
夏新除湿机家用抽湿机小型静音卧室去湿器迷你除湿器吸湿去湿干燥机 【液晶数显】米白色,299,51,"新品,满200-100",https://item.jd.com/10067298788863.html
欧井除湿机家用抽湿机卧室12升小型吸湿器OJ-127E 快速除湿,599,500+,"自营,每满590-30",https://item.jd.com/10039840288757.html
松京（SenseGene）DH02 除湿机/抽湿机 12升/天 家用负离子净化轻音节能干衣吸湿,621,1000+,"自营,1件9折",https://item.jd.com/100025229836.html
欧井除湿机家用抽湿机40升地下室仓库别墅卧大户型泵压自动排水,1699,200+,自营,https://item.jd.com/10061532640353.html
美的（Midea） 除湿机除湿器/天 抽湿器卧室干衣机 轻音干燥烘干大平层 地下室家用吸湿 12L-家用优选(25平内),649,7,每满639-80,https://item.jd.com/10068263824148.html
苏泊尔（SUPOR）除湿机抽湿机家用智能除湿器 除湿量12升/天 轻音卧室办公室内干燥防潮吸湿 白色,1299,6,"京东物流,免邮,满1099-300",https://item.jd.com/10067084528069.html
格力（GREE） 除湿机 家用抽湿机 静音干衣除湿器 12-20升/天 适用20-50㎡ DH12EOA1A,1098,100+,每满1000-130,https://item.jd.com/10026612850483.html
志高（CHIGO） 除湿机/抽湿机/除湿器家用轻音净化吸湿器卧室地下室工业干燥机干衣机 12升/天-升级款【负离子净化+强力】,639,1000+,"京东物流,免邮,每满629-50",https://item.jd.com/10060540808322.html
海信（Hisense）海信（Hisense） 除湿机抽湿机除湿器30升每天适用30-100平低音家用别墅干衣吸湿 CF30BD/PH,1299,500+,"自营,每满1298-200",https://item.jd.com/10024470801996.html
百奥（PARKOO）除湿机/抽湿机/干衣 60升除湿量 家用地下室别墅商用吸湿器 PD602AR,1888,1万+,自营,https://item.jd.com/2789857.html
格力（GREE）抽湿机/除湿机 家用卧室办公室干衣净化除湿器 25升/天 适用70平方米以内 智能数控(DH25EPA1B),2480,1000+,自营,https://item.jd.com/100021359466.html
苏宁宜品除湿机抽湿机家用除湿器卧室抽湿器室内地下室干燥机小型干衣机吸湿去湿防潮专用 旗舰款-双核+空气净化,459,25,满200-30,https://item.jd.com/10067872618545.html
志高（CHIGO） 除湿机家用静音抽湿器商用大功率小型卧室内防潮工业吸湿 12L-清音,699,500+,满600-50,https://item.jd.com/10044413250046.html
湿美（MSSHIMEI）湿美除湿机家用卧室抽湿除潮 室内去湿干燥吸湿器宿舍MS-920B,699,0,自营,https://item.jd.com/100052243501.html
湿美（MSSHIMEI） 工业除湿机 适用:80~200㎡车间仓库地下室除潮抽湿器 30L 【适合60平内使用】,1399,2万+,,https://item.jd.com/10058719082306.html
顽米无雾加湿器家用卧室婴儿智能低噪上加水大容量客厅办公室空调房专用冷蒸发式落地大面积空气恒湿,2689,100+,自营,https://item.jd.com/100043949701.html
格力（GREE） DH40EH家用除湿机智能除湿器40升日除湿量客厅卧室防潮干衣机商家两用抽湿机,2980,100+,每满2200-300,https://item.jd.com/10119735534.html
复旦申花 除湿机家用小型抽湿机卧室室内除湿器地下室防潮吸湿低音干燥神器 PD12-CP除湿机,999,31,满999-300,https://item.jd.com/10060933687787.html
志高（CHIGO） 除湿机家用抽湿机 便携式小户型卧室地下室内吸湿神器干燥机 轻音低噪低功率宿舍可用 家用-标配版,159,100+,每满139-20,https://item.jd.com/10058353490470.html
奥克斯除湿机家用卧室去湿器吸湿干燥除潮防潮小型抽湿神器地下室. 白+金,289,200+,,https://item.jd.com/10052671434116.html
湿美（MSSHIMEI）耐高温除湿机适用:200~220㎡工业抽湿机专用高温环境干燥机MS-08EX,6800,0,,https://item.jd.com/10045655266423.html
美的（Midea） 除湿机/抽湿机12L/18L/20升/30L/50L小方物家用地下室卧室干衣净化 推荐12L【2-20㎡】,599,1000+,,https://item.jd.com/10045657349143.html
南极人 除湿机家用卧室静音抽湿机宿舍干燥吸湿神器小型室内地下室 除湿机 白,125,200+,"免邮,券11-10",https://item.jd.com/10036145607672.html
AIRPLUS （艾普莱斯 ）除湿机家用抽湿机10L除湿器腾讯连连智控款 AP10-2011EE（智能触控+一键干衣）,649,2000+,"京东物流,每满600-20",https://item.jd.com/10042482855040.html
格力（GREE）格力（GREE）抽湿机家用除湿机卧室吸湿器地下室空气净化器智能抽湿25升天室内防潮 适合90平方米以内,2799,54,"京东物流,每满2799-219",https://item.jd.com/10032067264674.html
志高（CHIGO）除湿机家用卧室抽湿机空气去湿器吸湿器除潮干燥智能除湿/负离子净化 旗舰款,369,11,,https://item.jd.com/10067171287615.html
SOLEUSAIR美国舒乐氏无雾加湿器冷蒸发家用大容量婴儿上加水恒湿负离子卧室办公室卧室静音 AHU-300N1【无雾除菌款】 3.5升,799,1万+,,https://item.jd.com/10034646696325.html
欧井（Eurgeen）除湿机/抽湿机 150-300平方米 仓库地下室别墅工业大功率除湿器OJ-1586E,2644,500+,"自营,1件9折",https://item.jd.com/100017164400.html
奥克斯（AUX） 奥克斯(AUX) 除湿机 家用抽湿机去湿器吸湿干燥除潮防潮小型抽湿神器地下室 KDY-DZ03,399,1万+,"京东物流,免邮,券399-100",https://item.jd.com/10034841166553.html
苏宁宜品 除湿机家用小型抽湿机卧室静音吸湿器地下室防潮除湿器去湿除潮干燥机 皓月白升级款,259,60,"京东物流,免邮",https://item.jd.com/10067554031529.html
川井（CHKAWAI）除湿机DH-202BE卧室地下室除湿器干衣除湿净化一机三用,999,100+,,https://item.jd.com/10396052061.html
斗禾 （DOUHE）除湿机家用小型抽湿机卧室迷你除湿器干燥机除潮吸湿机便携式 青竹绿,249,500+,满230-30,https://item.jd.com/10026459447670.html
志高（CHIGO） 除湿机/抽湿机/除湿器家用轻音净化吸湿器卧室地下室工业干燥机干衣机 12升/天-升级款【负离子净化+强力除湿】,599,1万+,,https://item.jd.com/10047796602241.html
hysure除湿机抽湿机家用地下室小型吸湿器回南天除湿神器空气净化器一体 净化双核款（双核+负离子净化+智能恒湿）,459,0,,https://item.jd.com/10068359484969.html
志高（CHIGO） 除湿机抽湿机 家用地下室用除湿量12升/天 负离子净化干衣机除湿器 12L-6小时1度电【标配款】,639,2000+,"京东物流,免邮,每满590-40",https://item.jd.com/10028578612101.html
康佳（KONKA） 除湿机 家用抽湿机除湿器卧室去湿器吸湿干燥除潮防潮小型抽湿神器 地下室干燥机 高效 | 负离子净化 | 量22L,1299,1,"自营,每满1299-300",https://item.jd.com/10062600704164.html
湿美（MSSHIMEI）工业除湿机 适用:80~200㎡车间仓库地下室除潮抽湿器MS-860D,1699,0,自营,https://item.jd.com/100042376628.html
捷思达除湿机家用卧室去湿器吸湿干燥除潮防潮小型抽湿神器地下室,279,0,自营,https://item.jd.com/100042670790.html
志高（CHIGO） 工业除湿机抽湿机 大功率适用100-300平方仓库地下室别墅工业商业功率除湿 138L-大功率除湿【升级款】,2999,5000+,,https://item.jd.com/10058476654397.html
奥克斯（AUX）KDY10-01W除湿机家用卧室小型空气吸湿器地下室工业抽湿大功率干燥机【企业专享】,498,200+,"自营,厂商配送,限1000件",https://item.jd.com/100010346691.html
松下（Panasonic）除湿机/抽湿机家用 除湿量20升/天轻音干衣干燥地下室吸湿 F-40C0YC,2899,100+,自营,https://item.jd.com/100025726991.html
格力（GREE）除湿机家用抽湿机小型客厅卧室办公室地下室除湿器干燥机吸湿器迷你 DH12EN,998,52,"京东物流,每满998-110",https://item.jd.com/10032066424434.html
美的（Midea） 家用大容量除湿机抽湿机快速除湿器别墅地下室商用吸湿器30升/天 CF30BD/N7-DP4,1399,0,,https://item.jd.com/10061535070169.html
伊岛（Ishima） 除湿机抽湿机家用空气除湿器吸湿器去湿机干燥机室内轻音家庭除潮浴室卧室除菌D15 13升/天 强劲,799,500+,"京东物流,满639-90",https://item.jd.com/70505775331.html
志高（CHIGO） 除湿机/抽湿机/除湿器 20升/天 家用轻音净化 卧室地下室工业干燥机干衣机 20L-旗舰款【负离子净化+强力除湿】,999,1000+,,https://item.jd.com/10060483634930.html
德尔玛（Deerma）除湿机 小型迷你家用 橱柜除湿盒除湿器干衣 干燥防潮抽湿去湿盒 DEM-CS100,99,500+,"自营,券300-30",https://item.jd.com/100022556011.html
苏宁宜品 除湿机家用小型抽湿机卧室静音吸湿器地下室防潮除湿器去湿除潮干燥机 皓月白旗舰款,289,60,"京东物流,免邮",https://item.jd.com/10067554031530.html
网易严选 便携迷你除湿器 家用衣橱衣柜除湿机 防潮防霉吸湿 生日礼物 节日送礼 送朋友送父母,59,200+,"自营,券300-30",https://item.jd.com/100018917117.html
志高（CHIGO） 除湿机家用静音抽湿器商用大功率小型卧室内防潮工业吸湿 白色-12L/D,598,500+,满500-40,https://item.jd.com/10040015852214.html
奥克斯（AUX）奥克斯（AUX） 除湿机家用抽湿卧室小型除潮干燥吸湿器大功率室内去湿神器KDY10-02N 白色,699,100+,"自营,满600-100",https://item.jd.com/10030320114642.html
美资森美(MEIZISENMEI)低温除湿机工业冷库抽湿器医药食品仓库除湿机0℃不结冰 DWHK5138BE,3299,7,"自营,厂商配送",https://item.jd.com/100036862408.html
格力（GREE） 除湿机家用卧室办公室抽湿机除湿器地下室吸湿器去湿机干燥机吸湿干衣净化三合一吸潮机 DH25EPA1A,2580,100+,自营,https://item.jd.com/10033219782687.html
奥克斯（AUX）除湿机家用卧室去湿器吸湿空气净化干燥除潮防潮小型抽湿地下室 KDY-DZ03,359,63,满300-70,https://item.jd.com/10044332420514.html
hysure 家用除湿机迷你衣橱衣柜家用充电式除湿器钢琴除湿机防潮防霉吸湿 套装（复原底座+条）,149,1000+,"京东物流,每满149-30",https://item.jd.com/10021062791699.html
小米除湿机 米家 家用抽湿机 大除湿量 每日可达22L 五重降噪 卧室轻音 除潮空气 干衣机 智能互联CSJ0122DM,1229,14,自营,https://item.jd.com/100045848259.html
格力（GREE） 除湿机 家用地下室卧室客厅抽湿机 低噪干衣智控除湿器吸湿器小档案室干燥机 WIFI版 DH12EOA1A 12升/天,968,1000+,自营,https://item.jd.com/69192430948.html
美的（Midea） 除湿机抽湿器12升18升20升30L50L手机控制干衣家用商用工业地下室卧室 18升智能控湿【16-36平方】,949,500+,,https://item.jd.com/10055974717272.html
格力（GREE） 除湿机家用卧室衣柜钢琴房橱柜鞋柜迷你小型小空间干衣干燥吸湿去湿除潮抽湿机 2022款 DH03PAA1A,438,200+,自营,https://item.jd.com/10044534309476.html
hysure 除湿器家用小型迷你衣柜抽屉除湿机可循环充电还原防潮抽湿机 白色,89,200+,每满89-30,https://item.jd.com/10026000951319.html
荣事达（Royalstar）荣事达除湿机家用卧室吸湿除潮室内干衣抽湿去湿器小型防潮神器 小款白色-单核,139,0,"满299-10,赠",https://item.jd.com/10067437357037.html
志高（CHIGO） 除湿机家用抽湿机 便携式小户型卧室地下室内吸湿神器干燥机 轻音低噪低功率宿舍可用 家用-标配版,159,10,"每满157-30,赠",https://item.jd.com/10059176082064.html
苏泊尔（SUPOR ）便携干衣机小型烘衣机家用除湿机烘干出差宿舍干衣神器快速干衣便携可折叠 浅蓝色,229,2000+,"京东物流,满199-10",https://item.jd.com/10047869528414.html
志高（CHIGO） 除湿机家用抽湿机12升/天卧室地下室净化干衣机除湿器 20L-大功率/负离子,959,78,"京东物流,免邮,每满849-30,赠",https://item.jd.com/10055114517105.html
欧井除湿机家用抽湿机22升卧室地下室吸湿机器OJ-225E 纳米水离子净化,1488,200+,"自营,券300-30,每满1400-39",https://item.jd.com/10041127181025.html
安卉源 可视迷你家用除湿机循环吸潮器防霉防潮循环吸湿器除湿盒 白色 USB电源款,22.9,8,,https://item.jd.com/10064150713500.html
志高（CHIGO） 除湿机 家用抽湿机卧室地下室迷你除湿器吸湿去湿干燥机 【负离子净化+UV紫外线+香薰】,249,9,,https://item.jd.com/10063228503694.html
川井（CHKAWAI）除湿机DH-166BS卧室地下室除湿器,688,200+,,https://item.jd.com/10391966020.html
hysure除湿机抽湿机家用地下室小型吸湿器回南天除湿神器空气净化器一体 单核款（双模式排水+氛围灯+水满报警）,319,0,,https://item.jd.com/10068359484967.html
荣事达（Royalstar） 除湿机/抽湿机除湿量12升/天家用卧室吸湿器地下室干燥机干衣净化 10L【压缩高效】,499,500+,,https://item.jd.com/10061652157808.html
除湿机家用去潮湿神器抽湿机卧室宿舍静音防霉防潮湿干燥机荣事达 迷你款白色单核(无遥控),139,0,"满299-10,赠",https://item.jd.com/10067378720029.html
松下（Panasonic） 除湿机抽湿机 家用卧室地下室便捷干燥机 轻音吸湿器空气干燥机 F-C16YCR 量8L/D 2L水箱,1699,0,满1000-400,https://item.jd.com/10059668245349.html
志高（CHIGO） 除湿机 家用抽湿机整屋除湿卧室地下室净化干衣机除湿器 智能款20L【手机APP操控+负离子净化】,1099,200+,每满1000-100,https://item.jd.com/10049230009315.html
松京(SenseGene) DI150E 工业除湿机/抽湿机350㎡大功率 仓库地下室车间别墅干燥机吸湿器,2550,2000+,"自营,厂商配送",https://item.jd.com/100016960222.html
小MI有品向物除湿器家用衣柜鞋柜抽湿小型mini迷你防潮除湿盒可循环使用 可循环柜体 盒（多空间循环使用防霉/潮）,69,67,,https://item.jd.com/10041352063545.html
艾普莱斯（AIRPLUS）家用除湿机 干衣/抽湿机 10L/天 50㎡以下适用地下室吸湿智能恒湿AP10-1907EE【专享】,499,19,自营,https://item.jd.com/100040495741.html
拍拍【准新机】松下（Panasonic）8L自动除湿机干衣家用除湿地下室办公室卧室抽湿F-C16YCR,1099,22,,https://item.jd.com/10034421529596.html
AIRPLUS （艾普莱斯 ）除湿机家用抽湿机10L除湿器腾讯连连智控款 AP10-2011EW（微信小程序远程智控）,899,2000+,"京东物流,每满850-230",https://item.jd.com/10042482855041.html
Jestar 德国迷你家用除湿器小型除湿机抽湿干燥机防潮烘干去湿神器静音卧室 智能净化杀菌全能版,449,86,,https://item.jd.com/10053310466260.html
美资森美（MEIZISENMEI） 升温耐高温除湿机工业大功率加热烘干房食品药材木料茶叶抽湿机 耐高温GWHK5138BE,3499,16,,https://item.jd.com/10052647220257.html
美的（Midea） 智能WIFI控制家用大容量除湿机抽湿机去湿器别墅地下室商用吸湿50升/天 CF50BD/N7-DP5,2099,1,,https://item.jd.com/10056714009659.html
苏泊尔（SUPOR）除湿机/抽湿机 除湿量20升/天 家用轻音地下室干衣回南天除湿器干燥机 白色,1999,6,"京东物流,满1799-600",https://item.jd.com/10067555062442.html
志高（CHIGO） 除湿机抽湿机12升/20升 家用/工业用卧室地下室车库仓库净化干衣机吸湿 12升/天【负离子净化】标准款,559,1000+,"京东物流,免邮",https://item.jd.com/10033003407121.html
康佳（KONKA） 除湿机 家用抽湿机除湿器卧室去湿器吸湿干燥除潮防潮小型抽湿神器 地下室干燥机 定时预约 | 负离子净化 | 量12L,999,1,"自营,每满999-200",https://item.jd.com/10062600704163.html
飞利浦（PHILIPS） 除湿机家用 抽湿机 干衣机 内置香薰盒 回南天 梅雨季 除湿量30L/天-DE3203,2499,200+,"自营,每满2499-300",https://item.jd.com/42358714353.html
浦力适(PUREST) 除湿机/抽湿机 25升/天大除湿量 松下nanoe净化 家用卧室轻音除潮干衣机 智能互联 N25,2098,1000+,自营,https://item.jd.com/100008401362.html
荣事达（Royalstar）家用除湿机 干衣/抽湿机 除湿量25升/天干衣轻音适用/地下室抽湿 RSD-0225,979,0,自营,https://item.jd.com/100050123939.html
hysure 除湿机迷你衣橱衣柜家用除湿器除湿机防潮防霉微空间吸湿器 白色,89,200+,每满89-30,https://item.jd.com/46955587949.html
海信（Hisense）海信（Hisense）50升除湿机抽湿机除湿器适用150平家用地下室商用工业抽湿吸湿 wifi版,1999,100+,"自营,每满1999-200",https://item.jd.com/10051966526567.html
海尔（Haier） 除湿机家用室内卧室地下室除湿器卫生间去湿机吸湿轻音低躁空气干燥机量12升/日 触控版 CF12-PS1,599,14,京东物流,https://item.jd.com/10058070464086.html
JHS 除湿机/抽湿机 家用静音智能除湿器 地下室压缩机式除潮机 辅助净化干衣吸湿干燥机 日量（10L）,469,2万+,"京东物流,免邮",https://item.jd.com/10042674465181.html
格力（GREE） 除湿机工业智能低噪家用卧室办公室大功率抽湿机地下室祛湿除潮干燥机器50升\/天 DH50EI,2980,1万+,"自营,每满2980-100",https://item.jd.com/37012646042.html
线下同款美的（Midea） 家用除湿机干衣抽湿机工业大功率大平层/地下室除湿器智能 18L家用全屋干爽（40m2内）,1099,1000+,满1099-150,https://item.jd.com/10059497190754.html
线下同款美的（Midea） 除湿机家用抽湿机地下室去潮干燥机吸湿器12升18升30升47升 12L家用款 24-40平,569,1000+,,https://item.jd.com/10033439676598.html
德业（Deye） 除湿机家用卧室轻音抽湿机 工业除湿器50L/D DYD-D50A3,2199,5000+,"京东物流,免邮,每满2199-200",https://item.jd.com/15350488958.html
荣事达（Royalstar）家用除湿机干衣/抽湿机 除湿量10升/天干衣轻音适用/地下室抽湿 XKD03-10L,459,38,,https://item.jd.com/100050317075.html
美的（Midea）除湿机/抽湿机 12L 家用地下室干衣净化吸湿器 12升/天 适用24~40㎡ CF12BD/N7-DN,649,14,"自营,厂商配送",https://item.jd.com/100043253041.html
松京(SenseGene) 除湿机/抽湿机 除湿量24L/D 家用地下室干衣净化干燥机吸湿 DH03-40,1187,2000+,"自营,券300-30,1件9折",https://item.jd.com/100015263870.html
美资森美(MEIZISENMEI)升温型工业除湿机大功率烘干加热抽湿器仓库车间地下室 SWHK5138BE,3299,9,"自营,厂商配送",https://item.jd.com/100021135927.html
艾普莱斯（AIRPLUS）除湿机家用抽湿机 除湿量10L/天卧室小型干衣大功率吸湿器AP10-1903EE【专享】,489,32,自营,https://item.jd.com/100040495439.html
浩立德 除湿机家用抽湿机卧室除湿器吸湿静音去湿器除潮地下室干燥机 白色-旗舰强劲+负离子净化,529,5000+,"免邮,券369-100",https://item.jd.com/10055055640894.html
百奥（PARKOO） 百奥（PARKOO）除湿机/抽湿机/干衣 60升/天量 家用地下室复式别墅商用 工业吸湿PD601C,2200,500+,"自营,1件9折",https://item.jd.com/100025079061.html
志高（CHIGO） 除湿机 家用抽湿机卧室地下室迷你除湿器吸湿去湿干燥机 【湿度设定+LED触屏+香薰】遥控升级款,299,23,,https://item.jd.com/10063229211961.html
格力（GREE） 除湿机wifi智能控制抽湿机家用卧室办公室工业地下室除湿器去湿机空气干燥机除潮机 60L/天 DH60EIA1B(WIFI),3180,2000+,自营,https://item.jd.com/10033436488181.html
欧井（Eurgeen）除湿机/抽湿机 除湿量20升/天 适用面积40-120㎡ 家用地下室轻音净化干衣吸湿器 OJ-231E,1210,5万+,自营,https://item.jd.com/2460075.html
格力（GREE） 大功率工业除湿机家用WiFi智能控制抽湿机卧室地下室轻音吸去50-60升/天 60L【120-180㎡】DH60EIA1B,3180,5000+,"京东物流,免邮",https://item.jd.com/10033425686290.html
OIDIRE 除湿机抽湿机家用除湿器卧室吸湿器干燥机空气除潮去湿小型抽德国湿器 ODI-CSJ01 玛鲁白,349,72,"免邮,满189-110",https://item.jd.com/10056795093855.html
格力（GREE）除湿机/抽湿机家用地下室复式别墅商用工业吸湿器除湿量56升/天 DH56EIA1A,3080,200+,自营,https://item.jd.com/100033907462.html
多乐信（DOROSIN）除湿机/抽湿机 除湿量90升/天 APP智能远程8L大水箱 工厂别墅仓库地下室工业吸湿 DK-90,1977,500+,"自营,1件9折",https://item.jd.com/100021145931.html
拍拍日本CK-II除湿机家用静音卧室地下室内小型防潮祛湿干燥机抽湿器 六代八核遥控（尊享款）中圆屏,376,2,"免邮,券999-50",https://item.jd.com/10065360408666.html
美资森美(MEIZISENMEI)耐高温除湿机工业大功率加热烘干房食品药材木料茶叶抽湿机 耐高温GWHK5192BE,5899,0,"自营,厂商配送",https://item.jd.com/100021504665.html
格力（GREE）除湿机家用抽湿机卧室干衣机抽湿器去湿除湿器DH20EH【企业专享】,1880,100+,自营,https://item.jd.com/100025019258.html
格力（GREE）抽湿机/除湿机 除湿量50升/天 别墅家用卧室办公室地下室商用工业干衣(DH50EM),2980,500+,自营,https://item.jd.com/100022227839.html
爱丽思（IRIS）爱丽思家用静音除湿机干衣抽湿机卧室地下室空气净化吸潮 蓝色,988,1000+,"闪购,免邮,券148-40,每满300-30,",https://item.jd.com/10050508542361.html
JHS家用除湿机小型辅助干衣机室内防潮专用地下室抽湿机卧室吸湿器空气干燥机 【旗舰款】日12L+APP远程控制,649,0,"免邮,满600-50",https://item.jd.com/10068484451842.html
飞利浦 (PHILIPS) 除湿机/抽湿机 除湿量30L/天 智能数显轻音 万向轮 一键干衣客厅卧室地下室 DE3203/00,2299,2000+,"自营,券3000-300",https://item.jd.com/100003672620.html
京东京造 除湿机/抽湿机 除湿量60升/天 家用除湿器地下室抽湿器复式别墅商用工业吸湿JZ-CSJ60L,1999,500+,"自营,厂商配送,秒杀",https://item.jd.com/100034960976.html
艾普莱斯AIRPLUS 除湿机家用轻音地下室12L/天大功率抽湿机除湿器 卧室干衣净化吸湿 AP12-602EE【专享】,549,7,自营,https://item.jd.com/100040495431.html
美的（Midea） 除湿机/抽湿机12L/18L/20升/30L/50L小方物家用地下室卧室干衣净化 18L【20-40㎡】,949,1000+,免邮,https://item.jd.com/10045657349144.html
Jessga苏宁宜品家用除湿机室内防潮专用地下室抽湿机卧室吸湿器空气干燥机小型辅助干衣抽湿 【标准款】单核+大容量,249,0,"免邮,满200-50",https://item.jd.com/10068425144239.html
戴旗 DYFLAG除湿机家用卧室吸湿器室内除湿器干燥除潮抽湿机去湿器便携式干燥机DQ-C01 墨竹绿,249,2万+,"京东物流,免邮,券249-70",https://item.jd.com/10031825267594.html
美的（Midea）家用除湿机 12升/天 18升/天除湿量除湿器干衣轻音抽湿器抽湿机地下室卧室CF12BD 12升-卧室小房间适用【25平方以内】,569,4,券10000-300,https://item.jd.com/10067042381078.html
格力（GREE） 除湿机家用抽湿机卧室地下室轻音干衣吸去除湿器12升\/天适用2-20㎡DH12EN,888,5000+,"京东物流,免邮",https://item.jd.com/45806625450.html
澳柯玛（AUCMA） 家用半导体除湿机家用小型吸湿室内卧室宿舍抽湿除潮空气干燥神器 （欧式鸟笼款）,239,0,"自营,厂商配送,新品",https://item.jd.com/100051346979.html
欧井（Eurgeen） 欧井除湿机家用12升抽湿机卧室别墅除湿器抽湿机干燥防潮机 OJ-127E,599,100+,"京东物流,免邮,每满599-30",https://item.jd.com/10043650866058.html
德业（Deye） 除湿机/抽湿机器 除湿/干衣/净化三合一 家用别墅地下室车库空气净化 DYD- U20A3白色【米家智联版】,1888,1000+,"自营,每满1888-246",https://item.jd.com/70862151170.html
欧井除湿机家用抽湿机泵压自动向上排水50升别墅地下室大户型吸湿器 OJ-501E强劲,2499,500+,"自营,券4000-400,每满2490-410",https://item.jd.com/10041788164206.html
松井（SONGJING）除湿机 家用抽湿机 除湿器 40升/天 APP手机智控 泵压排水 工作室别墅地下室工业吸湿,1599,18,"自营,新品",https://item.jd.com/100047982369.html
海信（Hisense）海信（Hisense）除湿机抽湿机除湿器20升每天适用30-90平轻音37分贝家用地下室干衣抽湿 CF20BD/QH,1199,1000+,"自营,每满1198-200",https://item.jd.com/10024470480095.html
奥克斯（AUX）除湿机/抽湿机/适用0-120㎡除湿器 家用地下室吸湿器22升/天 干燥机干衣机净化一体KDY-DP22A,1075,500+,"自营,1件9折",https://item.jd.com/100009902405.html
德业（Deye） 除湿机/抽湿机 除湿量20升/天 家用轻音干燥地下室吸湿app/wifi智控 DYD-X20A3,1288,1000+,"京东物流,免邮,每满1288-150",https://item.jd.com/72366241982.html
欧井除湿机家用抽湿机20升别墅地下室卧室吸湿器OJ-215E,1199,2000+,"自营,券300-30,每满1190-150",https://item.jd.com/10026488250642.html
格力（GREE） 抽湿机/除湿机 家用卧室办公室地下室低噪干衣除湿器12升/天 适用面积5 (DH12EN),888,500+,"京东物流,免邮",https://item.jd.com/65607730132.html
海尔（Haier） 除湿机/抽湿机 除湿量30升/天 家用轻音 净化吸湿器地下室档案室干燥机 干衣机 DE30J,1499,100+,"京东物流,免邮,每满1499-120",https://item.jd.com/10054094581992.html
格力（GREE） 除湿机抽湿机除湿器家用办公室地下室低噪卧室吸湿器20升 DH20EF,1880,1000+,自营,https://item.jd.com/62042601127.html
奥克斯（AUX）除湿机家用卧室去湿器吸湿干燥除潮防潮小型抽湿神器地下室KDY-DZ04 白色,329,1000+,"京东物流,免邮,满300-50",https://item.jd.com/10043967348322.html
格力（GREE）除湿机家用抽湿机办公室抽湿器商用大功率室内去湿干燥机轻音抽湿机DH40EH【企业专享】,2680,100+,自营,https://item.jd.com/100025031378.html
格力（GREE）除湿机/抽湿机 除湿量40升/天家用地下室复式别墅商用工业吸湿 DH40EMA1A,2980,200+,自营,https://item.jd.com/100013605191.html
松下（Panasonic) 除湿机 抽湿机 吸湿器 家用干燥机 别墅卧室客厅地下室 除潮 防霉 F-CYU60XC,4299,3,"自营,厂商配送",https://item.jd.com/100029854850.html
志高（CHIGO） 除湿机家用抽湿机卧室低噪地下室迷你除湿器吸湿去湿干燥机 遥控升级款【湿度设定+LED触屏+香薰】,269,5000+,"京东物流,免邮,每满269-30",https://item.jd.com/10026492798186.html
爱心东东除湿空气净化器一体机室内干燥抽湿机宿舍卧室干燥机回南天宸焕 标准-双层活性碳针对除灰尘、雅,98,9,,https://item.jd.com/10055538864630.html
海尔（Haier） 紫外线杀菌除湿机/抽湿机 适用30-85平方米 家用卧室地下室 静音WIFI智能 小海绵 DE12A,999,5000+,"京东物流,免邮,每满999-200",https://item.jd.com/25875691502.html
赛特斯（cetus）空气电子除湿机迷你家用抽湿机小型除湿器卫生间卧室抽湿器,119,500+,免邮,https://item.jd.com/1317052447.html
苏泊尔（SUPOR）除湿机家用抽湿机智能除湿器室内家庭卧室地下室干燥 苏泊尔除湿机EDIH-01A-12,1399,12,"自营,满1139-340",https://item.jd.com/10067438509750.html
志高（CHIGO） 除湿机家用抽湿机卧室低噪地下室迷你除湿器吸湿去湿干燥机 宿舍可用【1L水箱+水满报警】,159,5000+,"免邮,每满159-20",https://item.jd.com/10045984917203.html
苏泊尔（SUPOR）除湿机家用 抽湿机工业 除湿量20L/天卧室地下室干燥机 吸湿去湿除潮防潮小型抽湿神器 白色,1699,0,"新品,免邮,每满1599-500",https://item.jd.com/10067602911100.html
JHS 除湿机家用抽湿干燥机器地下室静音防潮辅助净化干衣压缩机式除湿功能,549,2000+,"京东物流,免邮",https://item.jd.com/1158449340.html
线下同款美的（Midea） 除湿机抽湿机除湿器家用工业大功率卧室地下室档案室吸湿负离子除菌小海绵除湿机 12L家用降噪干衣（20m2内）,599,1000+,满599-30,https://item.jd.com/10059494035718.html
松京(SenseGene) DI138E 工业除湿机/抽湿机150-300㎡大功率 仓库地下室车间别墅吸湿干燥机,2410,2000+,"自营,厂商配送,1件9折",https://item.jd.com/100016960154.html
美资森美(MEIZISENMEI)工业除湿机大功率防潮干衣商用车间地下室仓库抽湿器 HK5480BE 除湿量480L,8599,17,"自营,厂商配送",https://item.jd.com/100035892862.html
格力（GREE） 格力除湿器 灵动小巧 循环除湿 GCSP-3001a 豆蔻青 豆蔻青,149,40,,https://item.jd.com/10035833229604.html
志高（CHIGO）除湿机家用抽湿机20升- 卧室地下室净化干衣机除湿器 全屋干爽除湿 ZG-FD2060【厂直】,899,14,新品,https://item.jd.com/100047247581.html
志高（CHIGO） 除湿机 抽湿机家用地下室 除湿量12升 负离子净化干衣机除湿器 ZG-A20【厂直】,599,39,新品,https://item.jd.com/100047668729.html
多乐信（DOROSIN） 除湿机/抽湿机除湿量21升/天 家用轻音卧室地下室除湿器ER-620E 21L/D家用优选,1199,1000+,"免邮,每满1199-200",https://item.jd.com/11264391757.html
志高（CHIGO） 除湿机抽湿机 家用地下室用除湿量12L/天适用160平 负离子净化干衣机 12L-大水箱+负离子净化【高配款】,699,2000+,"免邮,每满685-60",https://item.jd.com/10045183398638.html
斯泰得乐（Stadler Form）除湿机wifi智能抽湿机家用卧室除湿器 办公室地下室空气除潮机 预售Albertwifi(预计发货2月23日),4999,100+,,https://item.jd.com/10048428947249.html
多乐信（DOROSIN） 工业除湿机除湿器138L商用大功率抽湿机家用地下室仓库别墅DR-1382L,2580,1万+,"免邮,每满2580-300",https://item.jd.com/1730660244.html
欧井除湿机工业级大功率抽湿机商用地下室别墅仓库车间库吸湿器 OJ-1512E,2399,2000+,"自营,每满2390-400",https://item.jd.com/10030939953187.html
格力（GREE） 除湿机吸湿器家用抽湿机卧室地下室工业除湿器50L天抽湿器 DH50EM,3180,89,"京东物流,每满3180-200",https://item.jd.com/10041350769260.html
日本IRIS爱丽思家用静音除湿机干衣抽湿机卧室地下室空气净化吸潮 香槟金色,1058,27,"券328-110,每满200-30",https://item.jd.com/10050505457432.html
荣事达除湿机/抽湿机除湿量12升/天家用卧室吸湿器地下室干燥机干衣净化除湿器 （压缩高效）RSD-0112A,628,0,新品,https://item.jd.com/100040141454.html
德业（Deye） 除湿机家用抽湿机除湿器工业地下室别墅干燥机吸湿器去湿机抽湿器除潮机G25A3,1299,1万+,,https://item.jd.com/16063724860.html
美的（Midea）除湿机/抽湿机 除湿量18升/天 家用轻音吸湿器 地下室干衣除湿器干燥机 智能控湿 CF18BD/N7-DF3,949,27,免邮,https://item.jd.com/10057275257727.html
爱心东东美的(Midea)除湿机家用小海绵除湿机地下室去潮干燥机吸湿器12升18升30升47升\/50L 12L家用款 24-40平,599,7,"免邮,赠",https://item.jd.com/10060222509693.html
奥克斯 （AUX）除湿机 /抽湿机 /适用60-120㎡除湿器 家用地下室吸湿器干燥机净化DP22A,1199,100+,"京东物流,免邮,每满1198-200,赠",https://item.jd.com/10028165121845.html
奥克斯（AUX） 除湿机家用卧室去湿器吸湿干燥除潮防潮小型抽湿神器地下室KDY-DZ04 白色,369,200+,"免邮,券369-90",https://item.jd.com/10043758646330.html
海尔 除湿机家用抽湿机地下室去湿机回南天卧室静音吸潮空气干燥器 白色,729,1,"券729-100,满200-30",https://item.jd.com/10055892805933.html
戴旗 DYFLAG除湿机家用卧室吸湿器室内除湿器干燥除潮抽湿机去湿器便携式干燥机DQ-C01 清新绿,249,1万+,"京东物流,免邮,券149-15,满200-30",https://item.jd.com/10034493663335.html
海尔（Haier） 新款上市除湿机/抽湿机/除湿器除湿量22升/天 家用卧室静音地下室干衣净化 DE16J,1299,2000+,满1299-400,https://item.jd.com/10049340668805.html
志高（CHIGO）除湿机家用卧室抽湿机空气去湿器吸湿器除潮干燥智能除湿/负离子净化 白色旗舰款,369,11,新品,https://item.jd.com/10067171287616.html
格力（GREE） 除湿机家用迷你衣柜卧室电子半导体除湿器地下室吸去湿抽湿机日量0.3L/天 【适用面积2㎡以下】衣柜DH03PAA1A,438,76,"京东物流,免邮",https://item.jd.com/10043399077573.html
JHS 除湿机/抽湿机 家用静音智能除湿器 地下室压缩机式除潮机 辅助净化干衣吸湿干燥机 （12L）WiFi款,649,2万+,"京东物流,免邮",https://item.jd.com/10042674465182.html
DENODA德诺达品牌 除湿机/抽湿机 除湿量12L/天 家用卧室宿舍轻音小型除潮吸湿 DR-001A,699,53,新品,https://item.jd.com/100046930517.html
荣事达（Royalstar） 除湿机/抽湿机除湿量12升/天家用卧室吸湿器地下室干燥机干衣净化 12L【压缩高效】,559,500+,,https://item.jd.com/10061652171711.html
格力（GREE） 格力除湿器 室内防潮 家用卧室办公室除湿器 循环除湿 去湿 空气干燥除潮 豆蔻青,149,10,免邮,https://item.jd.com/10049226064573.html
多乐信（DOROSIN）除湿机/抽湿机 100-300平方 仓库车间地下室别墅工业商业大功率HD-1386C,2410,5000+,"自营,1件9折",https://item.jd.com/100030863168.html
志高（CHIGO）除湿机家用卧室抽湿机空气去湿器吸湿器除潮干燥智能除湿/负离子净化 升级款,349,11,新品,https://item.jd.com/10067171287614.html
戴旗 DYFLAG除湿机家用卧室吸湿器室内除湿器干燥除潮抽湿机去湿器便携式干燥机DQ-C01 天空蓝,249,2万+,"京东物流,免邮,券249-70",https://item.jd.com/10031825267595.html
海尔（Haier）除湿机家用轻音地下室干衣除湿器干燥机干衣吸湿器除潮防潮南方梅雨季神器CF12-PS1 白色,679,0,"新品,每满300-40,赠",https://item.jd.com/10067936176981.html
百奥（PARKOO） 除湿机抽湿机家用30-120㎡轻音吸湿器地下室别墅商用卧室除湿器PD253D,1380,100+,"免邮,券1000-30,每满200-30",https://item.jd.com/60900765078.html
格力（GREE）除湿机12升/天抽湿机家用抽湿器卧室办公室地下室轻音干衣机除湿器DH12EN【企业专享】,888,200+,自营,https://item.jd.com/100025019288.html
OGNAL奥戈那 OGNAL除湿机家用客厅大面积静音抽湿机干燥机地下室除湿器 绿色-智能净化款 灰色,50,90,新品,https://item.jd.com/10068486200279.html
格力（GREE） DH20EF除湿机智能抽湿机家用干衣防潮吸湿器卧室书房地下室干燥机20升日量,2280,57,"京东物流,免邮,券2000-100,",https://item.jd.com/10119733119.html
德业（Deye）除湿机/抽湿机 除湿量90升/天 适用面积45-180平方米 噪音57分贝 工业/商用/仓库机型 DY-690EB,3280,2000+,"自营,券3280-700",https://item.jd.com/1180620.html
OGNAL奥戈那 OGNAL除湿机家用客厅大面积静音抽湿机干燥机地下室除湿器 绿色-智能净化款 白色-智能净化款,2099,90,新品,https://item.jd.com/10068059433934.html
OGNAL奥戈那 OGNAL除湿机家用客厅大面积静音抽湿机干燥机地下室除湿器 绿色-智能净化款 浅灰色,50,90,新品,https://item.jd.com/10068486200278.html
夏人除湿机家用抽湿机卧室地下室迷你除湿器厨房卫生间抽湿器办公室吸湿去湿干燥机 CSQ-1301,119,1000+,免邮,https://item.jd.com/50347028528.html
美资森美(MEIZISENMEI)低温除湿机工业冷库抽湿器医药食品仓库除湿机0℃不结冰 DWHK5156BE,3499,19,"自营,厂商配送",https://item.jd.com/100036862422.html
米家 小米除湿机 家用抽湿机 大除湿量 每日可达22L 五重降噪 卧室轻音 除潮空气 智能互联[热销],1199,9,"自营,厂商配送",https://item.jd.com/100034894961.html
格力（GREE） 除湿机家用地下室卧室客厅抽湿机低噪干衣智控除湿器吸湿小档案室干燥机20升 DH20EM,1980,100+,自营,https://item.jd.com/10023065307358.html
戴旗 DYFLAG除湿机家用卧室吸湿器室内除湿器干燥除潮抽湿机去湿器便携式干燥机DQ-C01 天空蓝,249,1万+,"京东物流,免邮,券149-15,满200-30",https://item.jd.com/10034493663336.html
艾美特（AIRMATE） 除湿机抽湿机大功率空气除湿器家用轻音吸湿器地下室干燥机干衣净化 DM3016,1999,73,"免邮,券3000-300,每满1900-500",https://item.jd.com/10044792157340.html
奥克斯（AUX）KDY10-02N除湿机家用卧室小型空气吸湿器地下室工业抽湿大功率干燥机【企业专享】,529,78,"自营,厂商配送,限1000件",https://item.jd.com/100018428030.html
欧井（Eurgeen）除湿机/抽湿机 除湿量50升/天 泵压排水 家用地下室别墅商用工业净化净味吸湿器 OJ-550EP,2221,2万+,自营,https://item.jd.com/3941933.html
除湿机家用卧室低音除湿器吸湿吸潮器抽湿机防潮湿神器地下室 10F 机械款,288,0,,https://item.jd.com/10068070466408.html
除湿机家用卧室低音除湿器吸湿吸潮器抽湿机防潮湿神器地下室 10F 遥控款,308,0,,https://item.jd.com/10068070466409.html
奥克斯（AUX）除湿机家用卧室小型空气吸湿器地下室工业抽湿大功率干燥机KDY-D10AFDR2V6【企业专享】,529,75,"自营,限1000件",https://item.jd.com/100034846642.html
格力（GREE）除湿机家用 抽湿机 客厅地下室除湿器 小型干燥吸湿器 【轻便低噪款】12升适用小卧室,958,2000+,"京东物流,免邮,每满958-70",https://item.jd.com/54324278443.html
奥克斯（AUX）除湿机/抽湿机 除湿量60升/天 别墅 家用地下室大型工业除湿器KDY-600L【企业专享】,2199,0,"自营,限1000件",https://item.jd.com/100042560460.html
志高（CHIGO） 除湿机抽湿机 家用地下室用除湿量12升/天 负离子净化干衣机除湿器 12L-大水箱+负离子净化【高配款】,699,2000+,,https://item.jd.com/10045596715809.html
安润仕 工业除湿机/抽湿机大功率商用档案室配电室120-180㎡车间仓库地下室别墅大户型 70L/D【适用面积170㎡】带10升水箱,1850,200+,,https://item.jd.com/10056327267822.html
线下同款美的（Midea） 家用除湿机 干衣/抽湿机 除湿量50升/天 海量除湿大空间地下室商用工业 50L-智控商住两用 70-120平,2099,200+,,https://item.jd.com/10058112263028.html
美资森美吊顶除湿机大功率工业中央抽湿机地下室管道除湿器吸顶式 HK5168D 日量168L,4399,0,自营,https://item.jd.com/100039795320.html
AIRPLUS 除湿机家用卧室去湿器吸湿干燥除潮防潮小型抽湿神器地下室 AP01-908EA(厂家直售 季前冲量）,249,33,京东物流,https://item.jd.com/10050581057692.html
格力（GREE） 格力除湿机12L家用小型除湿器客厅卧室衣柜地下室智能干燥机DH1201EA,1280,47,满1280-200,https://item.jd.com/10048373701838.html
格力（GREE） 除湿机家用抽湿机快速见效吸湿干衣机UV紫外线杀菌WiFi智能互联实时空气质量检测器 DH25EPA1C（25升1天）,2780,100+,,https://item.jd.com/10052548474265.html
雅迎家用型除湿机卧室地下室内吸湿干燥除潮抽湿去湿防潮湿神器芯园雅迎 普通款,117,1,,https://item.jd.com/10043122391365.html
美资森美吊顶除湿机大功率工业中央抽湿机地下室管道除湿器吸顶式 HK5240D 日量240L,5099,3,自营,https://item.jd.com/100039795386.html
荣事达（Royalstar）荣事达除湿机家用卧室吸湿除潮室内干衣抽湿去湿器小型防潮神器 小款白色-单核【净化款】,159,0,"满299-10,赠",https://item.jd.com/10067437357038.html
美菱（MeiLing）美菱（MeiLing）美菱（MeiLing） 除湿机家用静音抽湿干燥器吸湿工业大功率地下室除潮室内干衣 MD-16F（10L/D量）,599,38,,https://item.jd.com/10066953209381.html
拍拍【尾货机】志高（CHIGO）除湿机家用小型卧室地下室内吸湿干燥除潮抽湿去湿防潮湿神器官方【品质家电】 升级款,198,28,,https://item.jd.com/10050468643315.html
奥克菱（UKOLVIN） 奥克菱吊顶除湿机车间仓库家用别墅地下室防潮抽湿除湿机 26L/D,1890,13,,https://item.jd.com/10050367108160.html
湿美电气（MSSHIMEI）工业防爆除湿机防爆除湿机 小功率抽湿机地下室除湿器仓库 BCF-990B 企业专享,6800,1,自营,https://item.jd.com/100024760595.html
美的（Midea）(Midea) 除湿机/抽湿机/小海绵除湿机 除湿量70升 /天 大功率净化 工厂商用 12L-家用优选,599,0,赠,https://item.jd.com/10068092213685.html
志高（CHIGO）除湿机家用轻音 工业抽湿器强力地下室内吸湿空气烘干燥净化器ZG-FD6060【厂直】,2099,0,自营,https://item.jd.com/100047350627.html
美资森美吊顶除湿机大功率工业中央抽湿机地下室管道除湿器吸顶式 HK5192D 日量1192L,4599,0,自营,https://item.jd.com/100023106713.html
奈斯达138L商用工业除湿机 大功率智能抽湿机 车间干燥空气除湿器,6776,0,自营,https://item.jd.com/100043997273.html
hysure 除湿机家用卧室宿舍大水箱抽湿机回南天地下室迷你除湿器轻音吸湿器 升级版大容量除湿机（白色面盖）,219,1万+,,https://item.jd.com/10036120820615.html
海尔（Haier） 除湿机家用地下室卧室抽湿机大功率除湿器房间除潮器轻音低噪去湿机空气干燥机 20升款 CF20-PJ1,1159,41,京东物流,https://item.jd.com/10060233635977.html
湿美（MSSHIMEI）工业除湿机适用:280~300㎡仓库除湿器地下室车间吸湿MS-9180B【企业采购】,4380,5,自营,https://item.jd.com/100039037306.html
湿美（MSSHIMEI）工业除湿机适用大功率地下室抽湿器仓库除湿器MS-9200B【企业采购】,4700,1,自营,https://item.jd.com/100022602513.html
TCL 除湿机/抽湿机50升/天 适用40-200㎡ 家用地下室大功率工业吸湿器杀菌DEM50EBP,2499,2000+,"每满2499-100,赠",https://item.jd.com/24224070825.html
美资森美吊顶除湿机大功率工业中央抽湿机地下室管道除湿器吸顶式 HK5720D 日量720L,14000,0,自营,https://item.jd.com/100023106617.html
德诺达（DENODA)工业除湿机/抽湿机除湿量211L/天适用400m2大型工业别墅地下室仓库车间游泳池大功率,5800,0,自营,https://item.jd.com/100046689431.html
安润仕 工业除湿机/抽湿机大功率商用档案室配电室120-180㎡车间仓库地下室别墅大户型 138L/D【适用面积220㎡】软管自动排水,2099,200+,,https://item.jd.com/10055951190318.html
志高（CHIGO） 除湿机抽湿机 家用地下室用除湿量12L/天 负离子净化干衣机除湿器 12L-旗舰款【负离子净化+强力】,579,100+,每满579-20,https://item.jd.com/10067917181769.html
松下（Panasonic） 除湿机家用卧室抽湿机大功率干燥机地下室吸湿除湿器F-60C1YXC F-60C1YXC,4999,100+,每满4900-900,https://item.jd.com/10037168988653.html
hysure 家用除湿机迷你衣橱衣柜家用充电式除湿器钢琴除湿机防潮防霉吸湿 除湿器套装+3条,259,1000+,每满259-40,https://item.jd.com/10058529448215.html
美资森美吊顶除湿机大功率工业中央抽湿机地下室管道除湿器吸顶式 HK5138D 日量138L,3299,2,自营,https://item.jd.com/100039682164.html
格力（GREE）抽湿机/除湿机 别墅家用卧室办公室低噪干衣除湿器 40升/天 适用20-120㎡ 能数控(DH40EFA1A),2680,200+,"京东物流,免邮",https://item.jd.com/41502116088.html
美的（Midea）除湿机/抽湿机 除湿量50升/天 家用地下室干燥机除湿器 复式别墅商用工业吸湿 干衣净化 CF50BD/N7-DP5,2099,9,,https://item.jd.com/10057277655013.html
湿美（MSSHIMEI）工业除湿机适用100~200㎡地下室抽湿机大功率仓库除湿器MS-9138B,2250,0,自营,https://item.jd.com/100042186604.html
湿美（MSSHIMEI）工业除湿机适用:100~250㎡大功率抽湿机地下室除湿器仓库MS-9156B【企业采购】,3980,1,自营,https://item.jd.com/100050394435.html
德业（Deye） 有品米家APP德业家用除湿机轻音卧室 抽湿机地下室 净化除甲醛除湿器U20A3,1888,100+,,https://item.jd.com/29769460391.html
美的(Midea)除湿机抽湿机 20升/天 家用低音吸湿器地下室干衣净化 小方物 手机控制 CF20BD/N7-DM200,1599,19,自营,https://item.jd.com/100024199564.html
奈斯达除湿机/抽湿机150-350平方米 车间仓库地下室别墅大型工业商用除湿器防潮专用 158升|大功率,3180,21,,https://item.jd.com/10066843752521.html
德业（Deye） 工业除湿机/抽湿机 家用仓库地下室大型车间大功率 除湿器别墅 商用DY-900ES,3280,500+,赠,https://item.jd.com/45230457920.html
湿美（MSSHIMEI）工业除湿机适用:650-700㎡仓库车间除湿器地下室干燥机MS-9480B【企业采购】,11500,6,自营,https://item.jd.com/100039037202.html
JHS除湿机/抽湿机 除湿量10升/天 家用轻音吸湿器地下室干燥机干衣净化 wifi手机控制CF-20BD/A,499,0,自营,https://item.jd.com/100050317069.html
湿美（MSSHIMEI）降温除湿机工业调温降温除湿机大功率精密降温空调机商用 MS-03M,12500,0,自营,https://item.jd.com/100051989605.html
多乐信（DOROSIN） 除湿机家用地下室别墅抽湿机卧室防潮静音吸湿器客厅工业空气干燥机 60升WIFI款商住两用,1950,100+,满1450-100,https://item.jd.com/10038539623439.html
志高（CHIGO） 除湿机抽湿机12升/20升 家用/工业用卧室地下室车库仓库净化干衣机吸湿 12升/天【负离子净化】标准款,559,10,,https://item.jd.com/10063885151990.html
奥克斯(AUX)除湿机家用抽湿机卧室地下室小型除湿器吸湿除潮干燥机神器KDY-DZ01 白色,239,500+,,https://item.jd.com/68457576676.html
川岛（KAWASHIMA） 家用除湿机DH-830ARC智能干衣抽湿机除湿器地下室吸湿仓库干燥设备,1699,36,,https://item.jd.com/29446168462.html
湿美（MSSHIMEI）湿美家用除湿机 适用:50~100㎡ 卧室静音除潮抽湿机吸湿器 MS-956B,1799,0,自营,https://item.jd.com/100052332225.html
hysure 除湿机家用卧室地下室大功率抽湿机干衣净化除湿器 白色-确认收货后联系客服领取礼包,679,39,,https://item.jd.com/10032915908323.html
湿美（MSSHIMEI）吊顶管道式除湿机壁挂式大功率吸顶除湿器管道抽湿机SMS-36B,3600,0,自营,https://item.jd.com/100051989621.html
奥克斯 除湿机家用卧室去湿器吸湿空气净化干燥除潮防潮小型抽湿地下室 KDY-DZ03,399,2,"京东物流,免邮",https://item.jd.com/10059582520111.html
志高（CHIGO）除湿机家用抽湿机除湿器 12升/天 卧室地下室轻音净化干燥机干衣机 12L-升级款【节能低噪 一键干衣】,599,2000+,,https://item.jd.com/10049292635290.html
奥克斯（AUX）除湿机/抽湿机 100-350平方米 车间仓库地下室别墅工业大功率除湿器KDY-1380L【企业专享】,2499,0,"自营,限1000件",https://item.jd.com/100042560478.html
格力（GREE） 除湿机工业抽湿机卧室地下室干衣吸去祛除湿器日除湿量20-40升\/天家用智能大功率 【适用面积20-40㎡】DH20EM,2180,5,,https://item.jd.com/71540952351.html
hysure Q7除湿机空气净化器双功能二合一除湿净化一机两用家用卧室净化除湿一体机轻音抽湿 白色,369,200+,"京东物流,每满369-40",https://item.jd.com/10026019236185.html
欧井（Eurgeen） 除湿机/抽湿机 除湿量12升/天 卧室家用低音干衣净化 快速除湿 OJ-136E,579,1000+,,https://item.jd.com/10049728294879.html
小米（MI） 米家智能除湿机22L干衣抽湿机米家APP控制全屋除湿器IOT联动 米家智能除湿机 22L,1279,0,"京东物流,免邮,每满1279-90",https://item.jd.com/10068057707921.html
西屋（Westinghouse）除湿机家用静音干衣除湿干燥除霜120升别墅花园洋房地下窒智能抽湿机回南天除湿吸湿器 WD-P2412 WiFi款【50~120m2】,2999,100+,,https://item.jd.com/10033093669455.html
海尔 （haier）【旗舰新品】除湿机//抽湿机家用低噪净化吸湿器/地下室档案室工业干燥机/干衣机 【适用面积40-70㎡】DE30J,2099,6,满1679-320,https://item.jd.com/10058218950767.html
赛特斯（CETUS）除湿机工业抽湿机家用大功率除湿器回南天干燥机去湿机,599,500+,,https://item.jd.com/1311602205.html
德业（Deye） 工业除湿机抽湿机138升别墅地下室家用仓库大型大功率除湿器DY-6138EB,3680,2000+,"每满3000-700,赠",https://item.jd.com/11941025293.html
荣事达除湿机/抽湿机除湿量16升/天家用卧室吸湿器地下室干燥机干衣净化除湿器 （压缩高效）RSD-0116A,788,2,自营,https://item.jd.com/100050585213.html
美的（Midea） 除湿机/抽湿机 小海绵除湿机 除湿量30升/天 家用地下室大面积商用工业吸湿 CF30BD/N7-DP5,1399,18,,https://item.jd.com/10060732422826.html
川京 北京森井公司出品除湿机MDH-790B储藏室仓库车库别墅地下室车间档案室去湿抽湿器,2900,86,,https://item.jd.com/10029365588911.html
Jestar 德国除湿机家用抽湿机迷你除湿吸湿去湿器干燥机除潮防潮卧室地下室小型抽湿神器 欧式升级款,419,2000+,"京东物流,免邮,满220-30",https://item.jd.com/10044087443242.html
美资森美(MEIZISENMEI)工业除湿机大功率防潮干衣商用车间地下室仓库抽湿器 HK5480BE 量480L,8599,17,自营,https://item.jd.com/100035892862.html
澳柯玛（AUCMA） 除湿机家用小型吸湿室内卧室宿舍静音抽湿除潮空气干燥神器 10L升级款(压缩机),508,0,每满500-50,https://item.jd.com/10068058926068.html
志高（CHIGO） 除湿机抽湿机 家用地下室用除湿量12L/天 负离子净化干衣机除湿器 12L-热款【滤网净化+一键干衣】,599,100+,每满589-40,https://item.jd.com/10054641449557.html
格力（GREE） 除湿机家用抽湿机卧室干衣机抽湿器20升 /天去湿机轻音吸湿机除湿器 DH20EH,1880,100+,,https://item.jd.com/10695954470.html
AIRPLUS （艾普莱斯） 除湿机/抽湿机 除湿量12升/天 家用轻音吸湿器地下室干燥机干衣净化 AP12-602EE,699,100+,,https://item.jd.com/10039525757809.html
奥克斯（AUX）除湿机家用卧室去湿器吸湿干燥除潮防潮小型抽湿神器地下室KDY-DZ02 白+金,259,1000+,满200-40,https://item.jd.com/65668562415.html
百奥（PARKOO） 工业除湿机除湿器抽湿机大型工厂车间厂房地下室食品药品茶叶吸湿 YDA-890EB 90L/天 90-150平 .,2580,500+,每满200-30,https://item.jd.com/10042183825513.html
松下（Panasonic）除湿机广域立体出风设计 干衣抽湿机除湿器 办公室卧室地下室抽湿F-YCJ10C-X,2049,2,自营,https://item.jd.com/100016439997.html
湿美（MSSHIMEI）工业除湿机适用150㎡地下室抽湿机大功率仓库除湿器 MS-8138B,2250,0,自营,https://item.jd.com/100042248604.html
海尔（Haier） 新款上市除湿机抽湿机/除湿器除湿量12/22升 家用卧室静音地下室干衣净化 22L 负离子净化 强效,1499,43,,https://item.jd.com/10055048293675.html
AIRPLUS （艾普莱斯） 除湿机/抽湿机 除湿量22升/天 家用轻音地下室干衣除湿器干燥机 AP22-202EW,1499,67,,https://item.jd.com/10039544636232.html
苏泊尔（SUPOR）除湿机家用抽湿机智能除湿器室内家庭卧室地下室干燥器EDIH-02A-20 20L/D量丨3.5L水箱,1599,0,"自营,满1399-200",https://item.jd.com/10068184312763.html
荣事达除湿机家用卧室地下室内静音小型防潮去湿除潮干燥机抽湿机 月光白【机械款】普通单核,199,0,"满299-10,赠",https://item.jd.com/10067402565892.html
湿美（MSSHIMEI）工业除湿机适用:750~900㎡大功率抽湿机地下室除湿器仓库MS-25KG【企业采购】,12800,0,自营,https://item.jd.com/100039093258.html
荣事达除湿机/抽湿机除湿量30升/天家用卧室吸湿器地下室干燥机干衣净化除湿器 （压缩高效）RSD-0225,1368,0,自营,https://item.jd.com/100050585223.html
奥克斯（AUX） 奥克斯除湿机家用抽湿机卧室地下室小型除湿器吸湿去湿除潮干燥机 白+黑(DZ04) 默认1,311,10,满200-5,https://item.jd.com/10055501748361.html
AIRPLUS 艾普莱斯 除湿机/抽湿机 除湿量10升/天 家用轻音吸湿器地下室干燥机干衣净化 AP10-1903EE,659,100+,,https://item.jd.com/10039541026105.html
海说（hysure）除湿机家用抽湿机卧室除湿器吸湿干燥除潮防潮吸湿器地下室干燥机干衣净化 CS10E遥控款,229,100+,满200-20,https://item.jd.com/10054494112708.html
奥克斯（AUX） 除湿机家用抽湿机除湿量1.1升/天地下室迷你除湿器吸湿去湿干燥机KDY-DZ01,239,1000+,,https://item.jd.com/41428542721.html
hysure 除湿机家用小型宿舍学生抽湿干燥静音室内吸湿回南天除湿神器 轻音除湿机,189,200+,"京东物流,每满189-40",https://item.jd.com/10032819963925.html
志高（CHIGO） 除湿机家用抽湿机卧室地下室迷你除湿器吸湿去湿干燥机【负离子净化UV紫外线 升级款,299,16,满229-20,https://item.jd.com/10044407957464.html
仕索思 除湿机家用抽湿机卧室迷你循环除湿器吸湿干燥除潮防霉防潮衣柜鞋柜室储物箱内充电吸湿盒 USB充电（白色）,22,3,,https://item.jd.com/10065369640478.html
苏泊尔（SUPOR）除湿机家用抽湿机智能除湿器室内家庭卧室地下室干燥器 苏泊尔除湿机EDIH-01A-12,1399,12,自营,https://item.jd.com/10067438509750.html
AIRPLUS 艾普莱斯除湿机家用卧室地下室除湿器衣柜除湿祛湿干燥机卫生间抽湿器除潮防潮吸湿 AP01-906EB（升级款）,239,100+,满200-10,https://item.jd.com/10043666869285.html
欧井（Eurgeen）OJ-129E 除湿机家用12升抽湿机地下室卧室吸除湿器小空间型干燥机,699,1,自营,https://item.jd.com/100044190605.html
欧井（Eurgeen） 除湿机家用除湿量12升/天 抽湿机卧室除湿器 支持HUAWEI HiLink OJ-123E--APP智联款,669,5,,https://item.jd.com/10055794969194.html
德业（Deye） 工业除湿机/抽湿机138升/天别墅地下室家用仓库大型大功率除湿器DY-6138EB,3680,2000+,赠,https://item.jd.com/10783184860.html
湿美（MSSHIMEI）湿美家用除湿机空气干燥吸湿机除湿器抽湿卧室地下室房间全屋MS-960B,1899,0,自营,https://item.jd.com/100042713118.html
湿美（MSSHIMEI） 工业除湿机商用工厂车间\/仓库大功率除湿抽湿机地下室 MS-8138B,2199,5000+,,https://item.jd.com/10578604071.html
湿美（MSSHIMEI）工业除湿机适用100~200㎡地下室抽湿机大功率仓库除湿器MS-9138B,2250,0,自营,https://item.jd.com/100042762390.html
亚都（YADU） 除湿机家用抽湿机除湿器静音别墅卧室客厅地下室两居室大功率小空间除菌防霉干燥机吸湿 YD-CS203S,949,42,满500-50,https://item.jd.com/10054185637725.html
湿美（MSSHIMEI）湿美家用除湿机 卧室抽湿室内 除潮吸湿器小型干燥机 MS-930B,1399,0,自营,https://item.jd.com/100052300219.html
格力（GREE） 除湿机家用大功率工业抽湿机地下室卧室轻音低噪干衣吸去除湿器日量20升/天 【适用面积20-40㎡】DH20EOA2A,1880,8,"京东物流,免邮",https://item.jd.com/10036797959015.html
hysure 除湿机转轮家用地下室卧室除湿器干衣净化轻音回南天抽湿机防潮干燥器 白色,1799,33,每满1799-600,https://item.jd.com/64218056048.html
普林艾尔 工业除湿机工厂车间地下室抽湿高效节能除湿机室内除潮干衣吸湿器HT-1380E49A 蓝色,3790,4,,https://item.jd.com/10047087969471.html
澳柯玛（AUCMA） 除湿机家用小型吸湿室内卧室宿舍静音抽湿除潮空气干燥神器 10L基础款(压缩机),448,8,,https://item.jd.com/10066937172163.html
多乐信（DOROSIN） 除湿机家用地下室别墅抽湿机卧室防潮静音吸湿器客厅工业空气干燥机 42L WIFI款 HD-420,1550,100+,满1450-100,https://item.jd.com/10068074866963.html
格力境立方家用除湿机卧室除甲醛空气净化器干衣加湿抽湿空气管家KJ200G-B01 白色,2499,500+,满2499-700,https://item.jd.com/10020435951885.html
AIRPLUS 艾普莱斯 除湿机家用轻音抽湿机 卧室除湿器35升/天适用面积50-100平 【家用智控】35L适用卧室（2003EW）,2399,63,每满2260-670,https://item.jd.com/10039872340664.html
拍拍小米米家智能除湿机22L抽湿机家用除湿器 吸湿器去湿机干燥机地下室防潮机空气 米家智能除湿机22L,1299,8,,https://item.jd.com/10059108347351.html
智普瑞（ZHIPURUI） 158L除湿机工业大功率地下室防潮仓库车间商用抽湿器家用吸湿机别墅干燥机 90升/日量,2380,500+,,https://item.jd.com/10063261123184.html
湿美（MSSHIMEI） 工业除湿机适用:500~580㎡大功率抽湿除湿器地下室仓库MS-9380B【企业采购】,7800,11,自营,https://item.jd.com/100039037180.html
Brandt 白朗除湿机家用地下室卫生间工业抽湿机静音大功率干燥机客厅除潮40升60升 120平方以下适用 量：40升/天,3999,1000+,,https://item.jd.com/10045479247610.html
奥克斯（AUX）除湿机家用空气吸湿器工业地下室抽湿大功率除潮干燥机 推荐10-60平方使用,319,2,,https://item.jd.com/10066713153084.html
爱心东东格力（GREE） 大功率工业除湿机家用抽湿机地下室车库除湿器150L适用180㎡以上 CF3.8BDE,6999,0,"每满6999-1000,赠",https://item.jd.com/10058659376700.html
荣事达除湿机/抽湿机除湿量10升/天家用卧室吸湿器地下室干燥机干衣净化除湿器 （压缩高效）RSD-0110A,558,25,新品,https://item.jd.com/100040141440.html
小艾家用除湿机压缩机商用除湿器 除潮卧室仓库房间地下室吸湿机 橱柜推荐1L/天（CF20),290,0,,https://item.jd.com/10052494555405.html
奥克斯（AUX） 奥克斯除湿机家用抽湿机卧室地下室小型除湿器吸湿去湿除潮干燥机 白色(DZ01)【单核】 默认1,228,10,满200-5,https://item.jd.com/10055501748357.html
海尔 （Haier）家用除湿机/抽湿机除湿量60升/天 地下室仓库大功率除湿适用于80-100平方米 【DE60AU1】,50,15,,https://item.jd.com/10057200720254.html
奥克斯（AUX） 除湿机家用抽湿机卧室静音地下室迷你除湿器吸湿去湿干燥机 白色双核(店长),259,1,,https://item.jd.com/10056283826336.html
多乐信（DOROSIN） 除湿机/抽湿机 除湿量60升/天 大功率家用地下室吸湿器ER-660E,2180,1000+,每满2180-320,https://item.jd.com/28007462602.html
AIRPLUS 艾普莱斯 除湿机/家用抽湿机卧室地下室迷你除湿器吸湿去湿干燥机 AP01-901ED【负离子净化+UV杀菌】,329,78,每满299-70,https://item.jd.com/10039548493823.html
德业（Deye） 德业DYD-S12A3 智能轻音除湿干衣机净化型家用除湿机抽湿器,1088,62,赠,https://item.jd.com/13443750674.html
除湿机家用去潮湿神器抽湿机卧室宿舍静音防霉防潮湿干燥机荣事达 橄榄绿升级款(双核智控),249,0,"满299-10,赠",https://item.jd.com/10067378720028.html
线下同款美的（Midea） 除湿机家用抽湿机地下室去潮干燥机吸湿器12升18升30升47升 47L工业商用款 94-109平,1899,1000+,,https://item.jd.com/10033485534032.html
美的（Midea）家用除湿机 干衣/抽湿机 除湿量12升/天家用除湿器干衣轻音适用/地下室抽湿器CF12BD/N7-DN,633,5万+,自营,https://item.jd.com/100005994202.html
志高（CHIGO）除湿机抽湿机卧室除湿器家用迷你去湿干燥机小型抽湿器 白色旗舰款 除湿机,299,29,,https://item.jd.com/10049542767657.html
浦力适（PUREST） 除湿机 抽湿机 除湿量25升每天 除湿器家用 智能干衣机 静音抽湿机 Drybot-PlusWIFI版,1798,100+,,https://item.jd.com/10035676921390.html
浩立德 除湿机家用抽湿机卧室除湿器吸湿静音去湿器除潮地下室干燥机 白色--标准款-单核,469,5000+,,https://item.jd.com/10052308802272.html
安润仕 工业除湿机\/抽湿机大功率100㎡-300㎡商用仓库档案室配电地下室车间 70L/D【170㎡以内推荐】带10升水箱,1850,500+,,https://item.jd.com/10056327569026.html
格力（GREE） 格力除湿器 衣柜防霉 干燥剂 防潮剂 宿舍 便携 迷你 除湿盒 循环环保 格力白,138,25,,https://item.jd.com/10035834074133.html
AIRPLUS 艾普莱斯 除湿机/家用抽湿机卧室地下室迷你除湿器吸湿去湿干燥机 AP01-906EA【负离子净化+UV杀菌+香氛】,399,78,,https://item.jd.com/10039548493824.html
湿美（MSSHIMEI）工业除湿机适用地下室抽湿机大功率仓库除湿器 MS-9380B,7800,0,自营,https://item.jd.com/100051989659.html
湿美（MSSHIMEI） 工业除湿机适用100~200㎡地下室抽湿机大功率仓库除湿器MS-9138B,2250,6,京东物流,https://item.jd.com/10045655538983.html
hysure 除湿机家用卧室回南天抽湿机空气净化地下室干燥去湿器干衣除湿器 净化除湿机,369,22,每满369-100,https://item.jd.com/10045662716182.html
康佳（KONKA）除湿机抽湿机卧室干衣除湿器除湿量12升/天家用干燥机负离子空气净化地下室干燥去湿 负离子净化-12L/天量,699,56,满200-30,https://item.jd.com/10047179012033.html
志高（CHIGO） 除湿机家用静音抽湿器商用大功率小型卧室内防潮工业吸湿 深灰色-20L/D,998,500+,满900-100,https://item.jd.com/10040015852215.html
【品牌精选】松下 除湿机/抽湿机F-40C0YC,3199,100+,,https://item.jd.com/10058192793460.html
亚都（YADU） 除湿机/抽湿机除湿量20升/天 家用轻音地下室干衣除湿器干燥机YD-CS205S 白色,1399,14,每满1399-400,https://item.jd.com/10043968904606.html
AIRPLUS 除湿机抽湿机家用除湿器地下室20L/天wifi智控,1499,500+,每满1380-180,https://item.jd.com/41442045855.html
安诗曼 德国（Ansmen)抽湿机/除湿机 卧室家用静音智能离子杀菌除湿器16L/天 适用面积50㎡ 16L智能款-白色,1199,1000+,,https://item.jd.com/10033940473741.html
格力（GREE）除湿机 抽湿机家用20-40㎡ 空气净化器干衣一体吸湿器,2980,1,"京东物流,免邮,每满2980-400",https://item.jd.com/10031589788652.html
海信（Hisense） 除湿机家用抽湿机卧室除湿器吸湿干燥除潮防潮小型抽湿机 12L/天（整屋）CF12BD/GS,539,5,,https://item.jd.com/10065344164044.html
美资森美（MEIZISENMEI） 美资森美吊顶除湿机壁挂式工业中央抽湿机地下室管道吸顶式 HK5028D 日量28L/D,2199,5000+,,https://item.jd.com/10045406118252.html
志高（CHIGO） 除湿机家用抽湿机12升/天卧室地下室净化干衣机除湿器 12L 【适用100方】,559,500+,"京东物流,免邮",https://item.jd.com/10055657957390.html
格力（GREE） 除湿机家用卧室办公室地下室静音干衣除湿器高效吸湿12升/天 DH1201EA 白色,1280,6,,https://item.jd.com/10026895118274.html
hysure 家用除湿机迷你衣橱衣柜家用充电式除湿器钢琴除湿机防潮防霉吸湿 除湿器套装+1条,199,1000+,每满189-30,https://item.jd.com/10058529448213.html
奥克斯（AUX）除湿机/抽湿机 100-350平方米 车间仓库地下室别墅工业大功率除湿器KDY-1500L【企业专享】,2799,0,"自营,限1000件",https://item.jd.com/100042560474.html
美资森美（MEIZISENMEI） 美资森美吊顶除湿机壁挂式工业中央抽湿机地下室管道吸顶式 HK5068D 日量68L/D,2799,5000+,,https://item.jd.com/10045406118254.html
格力（GREE） 大功率工业除湿机家用抽湿机地下室车库除湿器150L适用150㎡CF3.8BDE,5999,1000+,"京东物流,免邮,赠",https://item.jd.com/27791916555.html
艾美特（AIRMATE） 艾美特除湿机家用抽湿机干燥器空气吸湿器去湿机大功率地下室工业仓库祛湿 12L/天,999,200+,,https://item.jd.com/66101448003.html
湿美（MSSHIMEI）工业除湿机适用地下室抽湿机大功率仓库除湿器MS-9200B,4700,0,自营,https://item.jd.com/100052332317.html
湿美（MSSHIMEI）工业除湿机适用:350~400㎡大功率地下室抽湿器仓库MS-9240B【企业采购】,5800,11,自营,https://item.jd.com/100022602417.html
湿美电气（MSSHIMEI）MS-9240B 工业除湿机适用:350~400㎡大功率抽湿器仓库 1台 企业专享,5800,0,自营,https://item.jd.com/100038854298.html
安诗曼 德国（Ansmen）商用耐低温大功率工业除湿机鲜花冷库医药仓库除湿器60L/天 60L耐低温 （适用面积100㎡以下）,2299,37,,https://item.jd.com/10045176242768.html
川井DH-1382B工业除湿机大功率抽湿机地下室除湿器车间仓库抽湿器,3580,38,,https://item.jd.com/10024189163430.html
川井（CHKAWAI）除湿机DH-202BE卧室地下室抽湿机家用/吸湿器 银色,999,56,,https://item.jd.com/10798395110.html
莱克（LEXY）除湿机 家用 去湿器 卧室地下室 大功率抽湿干燥机 DH350,6499,0,自营,https://item.jd.com/100049671825.html
艾美特（AIRMATE） 艾美特除湿机家用抽湿机干燥器空气吸湿器去湿机大功率地下室工业仓库祛湿 30L/天,1659,200+,,https://item.jd.com/66228635207.html
伊岛（Ishima） 除湿机抽湿机家用60升除湿量 地下室装修大功率工业装修干燥机去潮湿神器室内 白色,2599,82,"京东物流,满2199-300",https://item.jd.com/10040205384308.html
湿美（MSSHIMEI）升温烘干除湿机造纸/包装/印刷/木材/仓库烘干除湿器 SM-10KG,9800,0,自营,https://item.jd.com/100042248504.html
格力（GREE） 大功率工业除湿机家用WiFi智能控制抽湿机卧室地下室轻音吸去祛量165升/天 【适用180㎡以上】DH160FQA1A,7999,21,"京东物流,免邮,赠",https://item.jd.com/10048025973512.html
湿美（MSSHIMEI）MS-40KG除湿机适用:1000~1200㎡地下室仓库车间工业抽湿机【企业采购】,19000,0,自营,https://item.jd.com/100028098226.html
美的（Midea）除湿机 抽湿机12L 18L 30L大容量 家用地下室卧室干衣净化吸湿器 70L【120-180㎡】升级独立汞压排水DL1,2599,17,,https://item.jd.com/10068222645985.html
湿曼 SHIMAN除湿机工业380㎡大功率抽湿机工厂仓库别墅地下室车库干燥机大面积吸湿去湿 158L【适用面积350㎡内】软管直排,2249,2000+,,https://item.jd.com/10057535199362.html
松下（Panasonic） 除湿机/抽湿机家用 除湿量22升/天轻音干衣干燥地下室吸湿 F-45C2YTC,4329,2,"京东物流,免邮,每满200-30,赠",https://item.jd.com/10062639901446.html
奥克斯（AUX）除湿机家用抽湿机卧室地下室小型除湿器吸湿去湿除潮干燥机 白色(DZ01)【单核】 默认1,199,0,赠,https://item.jd.com/10068137648665.html
夏普（SHARP）除湿净化一体机除湿机静音家用抽湿干衣干燥机地下室工业除湿除霉杀菌 DW-CN40H-S,5999,8,每满5999-2000,https://item.jd.com/10066949306595.html
欧井（Eurgeen） 除湿机卧室去湿器 轻音客厅卫生间吸湿干燥器 OJ-582E,2678,0,自营,https://item.jd.com/100044304293.html
湿井电器（wetwells）工业除湿机除湿加湿机一体机实验室仪器室智能恒湿机恒湿器 MCH-03Y自动加水,6947,1,自营,https://item.jd.com/100028119611.html
forest life除湿机家用抽湿机回南天大功率家用干燥器除潮抽湿机吸湿器除湿量12L/天 白色,1088,0,,https://item.jd.com/10038910310478.html
美的（Midea）除湿机/抽湿机家用 除湿量18L/天 客厅地下室低噪音 干衣两用除湿器 18L：建议面积33-48㎡,999,200+,,https://item.jd.com/10026617986308.html
松下（Panasonic） 除湿机10升 家用办公室卧室抽湿机干衣机吸湿机除湿器干燥器 白色款 F-YCJ10C-W,1799,11,"京东物流,免邮",https://item.jd.com/10044501981607.html
湿美（MSSHIMEI）湿美家用除湿机 适用:30~80㎡ 卧室静音除潮抽湿机吸湿器 MS-950B,2080,0,自营,https://item.jd.com/100052332213.html
百奥（PARKOO） 除湿机家用抽湿小型轻音大功率地下室内家庭衣柜房间PD08D智能干燥去湿除潮吸湿 PD08D【绿色】24升日量 APP智控,1379,96,每满300-40,https://item.jd.com/10030114357529.html
斗禾 除湿机家用 抽湿机小型迷你除湿器卧室低噪音地下室吸湿去湿干燥机烘干机干衣机 DH-CS02,299,2,每满290-30,https://item.jd.com/10063804887315.html
美资森美（MEIZISENMEI） 新风除湿机抽湿一体机中央吊顶管道器家用商用地下室防霾除潮抽湿 RHXF1200D,19800,0,自营,https://item.jd.com/100029122489.html
飞利浦（PHILIPS）除湿机净化器一体机 家用除湿器 地下室抽湿机 吸湿机 去湿机 DE5205/00（线下同款）,2399,31,自营,https://item.jd.com/100013236430.html
VCJ 【德国品牌】除湿机器家用静音抽湿机地下室用卧室宿舍去湿器吸湿干燥除潮防潮小型抽湿神器,139,0,,https://item.jd.com/10068062014142.html
美的（Midea） 除湿机抽湿机除湿量12升/天 家用50㎡以下适用吸湿器除湿器干衣净化 wifi CF12BD/DQ1,1099,6,,https://item.jd.com/10042589413684.html
志高（CHIGO） 大功率除湿机去湿抽湿除潮室内吸湿器干燥工业地下室仓库车间大功率150大面积 12L-小户型【标配款】,739,53,"满1199-140,赠",https://item.jd.com/10040016082904.html
湿美（MSSHIMEI）升温烘干除湿机造纸/包装/印刷/木材/仓库烘干除湿器 SM-15KG,13000,0,自营,https://item.jd.com/100042248478.html
澳柯玛（AUCMA） 除湿机家用小型吸湿室内卧室宿舍静音抽湿除潮空气干燥神器 欧式鸟笼款(半导体),249,8,每满200-50,https://item.jd.com/10066250890647.html
志高（CHIGO）工业除湿机抽湿机 大功率适用100-300平方仓库地下室别墅工业商业大功率ZG-DI138E【厂直】,2680,0,自营,https://item.jd.com/100047247589.html
志高（CHIGO） 除湿机家用抽湿机12升/天卧室地下室净化干衣机除湿器 12L-滤网家用款,559,78,"京东物流,免邮,赠",https://item.jd.com/10055114517108.html
百奥（PARKOO） 除湿机除湿量50L/天家用抽湿机商用地下室档案室实验室除湿器YDA-858E,1980,200+,每满200-30,https://item.jd.com/1381323559.html
川井（CHKAWAI） 除湿机DH-902BF商用除湿器/工业除湿机/大面积除湿90升/天,2680,28,,https://item.jd.com/13132138662.html
安润仕 工业除湿机/抽湿机大功率商用档案室配电室120-180㎡车间仓库地下室别墅大户型 168L/D【适用面积300㎡】带20升大水箱,3200,200+,,https://item.jd.com/10053001711598.html
欧井（Eurgeen） 欧井除湿机家用12升抽湿机卧室别墅除湿器干燥防潮机 OJ-129E,599,100+,"京东物流,免邮,每满599-30",https://item.jd.com/10042952288750.html
海说（hysure） 小型迷你除湿机抽湿机 家用轻音地下室干衣除湿器干燥机Q7,279,1,,https://item.jd.com/10059741566102.html
海尔 除湿机家用抽湿机干衣除潮地下室卧室除湿吸潮CF16 白色,899,2,满200-30,https://item.jd.com/10056134112554.html
夏新除湿机抽湿机 除湿量22升/天 家用卧室客厅轻音别墅地下室除湿器干燥机 【30L升级LED液晶屏】/干衣/净化一体机,1599,0,满1000-400,https://item.jd.com/10068254168701.html
海信（Hisense） 除湿机家用抽湿机卧室除湿器吸湿干燥除潮防潮小型抽湿神器 20L/天（负离子）CF20BD/FS,999,2000+,,https://item.jd.com/10053328690184.html
安润仕 工业除湿机\/抽湿机大功率100㎡-300㎡商用仓库档案室配电地下室车间 1440L/D 【2500m2 以内推荐】软管排水,39900,500+,,https://item.jd.com/10029765415829.html
湿美（MSSHIMEI）工业除湿机适用地下室抽湿机大功率仓库除湿器 MS-9180B,4380,0,自营,https://item.jd.com/100042248584.html
奥克斯（AUX） 除湿机家用卧室抽湿机空气吸湿器除潮神器地下室大功率KDY10-01W Wifi智控版,699,2000+,,https://item.jd.com/10044219962478.html
康佳（KONKA）除湿机抽湿机卧室干衣除湿器除湿量22升/天家用干燥机负离子空气净化地下室干燥去湿 触控版｜负离子净化,1199,13,满200-30,https://item.jd.com/10047528268057.html
美资森美(MEIZISENMEI)工业除湿机大功率防潮干衣商用车间地下室仓库抽湿器 HK5380BE 量380L,7099,11,自营,https://item.jd.com/100020475571.html
多乐信（DOROSIN） 除湿机家用地下室别墅抽湿机卧室防潮静音吸湿器客厅工业空气干燥机 11升WIFI松下压缩机ER-612,649,100+,,https://item.jd.com/10038539623445.html
奥克斯（AUX） 除湿机/抽湿机 除湿量22升/天 家用轻音地下室干衣除湿器干燥机wifi手机控制,1488,10,,https://item.jd.com/10066020669095.html
湿美（MSSHIMEI）升温烘干除湿机造纸/包装/印刷/木材/仓库烘干除湿器 SM-7KG,7500,0,自营,https://item.jd.com/100042248480.html
奥克斯（AUX） 除湿机/抽湿机 除湿量10升/天 适用面积25-80㎡家用地下室净化干衣压缩机款,599,500+,"京东物流,免邮",https://item.jd.com/71768296519.html
智普瑞（ZHIPURUI） 158L除湿机工业大功率地下室防潮仓库车间商用抽湿器家用吸湿机别墅干燥机 158升/日量,2860,500+,,https://item.jd.com/10063261123186.html
安润仕防爆除湿机工业抽湿机大功率100-300㎡车间仓库房配电室除湿器 138L【适用120-120㎡】,6500,0,,https://item.jd.com/10066318185092.html
除湿空气净化器一体机室内干燥抽湿机宿舍卧室干燥机回南天宸焕 升级+两片活性碳备用、雅典白,116,0,"京东物流,1件9.8折",https://item.jd.com/10067486263339.html
美菱（MeiLing）除湿机家用卧室抽湿机轻音除湿器地下室仓库吸湿吸潮机干燥机 10L版【10-80㎡适用】,659,13,,https://item.jd.com/10054466613750.html
湿美（MSSHIMEI）升温烘干除湿机造纸/包装/印刷/木材/仓库烘干除湿器SM-10KG,9800,0,自营,https://item.jd.com/100052511415.html
荣事达除湿机/抽湿机除湿量25升/天家用卧室吸湿器地下室干燥机干衣净化除湿器 （压缩高效）RSD-0120A,1138,0,自营,https://item.jd.com/100040141490.html
线下同款美的（Midea） 除湿机家用抽湿机地下室去潮干燥机吸湿器12升18升30升47升 30L店铺商用款 58-73平,1399,1000+,,https://item.jd.com/10033485534031.html
线下同款美的（Midea） 除湿机家用除湿量12L/天 适用面积2-20平方 地下室干衣 卧室 办公室档案室抽湿机 50L丨APP智控负离子除菌【70-120㎡】,2099,1000+,,https://item.jd.com/10068421091911.html
海尔（Haier） 除湿机/抽湿机 除湿量30升/天 家用轻音 吸湿器地下室档案室干燥机 干衣机 DE30J,1699,0,自营,https://item.jd.com/100052622801.html
志高（CHIGO） 除湿机抽湿机12升/20升 家用/工业用卧室地下室车库仓库净化干衣机吸湿 20升/天【负离子净化】旗舰款,999,1000+,满999-70,https://item.jd.com/10054555691903.html
飞利浦（PHILIPS）空气净化器除湿一体机家用除湿机卧室抽湿机阳台干衣机除湿量25L/天 DE5205/00,2499,0,京东物流,https://item.jd.com/10048015208875.html
百奥（PARKOO） 工业大功率除湿机 158L /D除湿量家商用智能地下室装修抽湿仓库防潮吸湿 DCS1382E【经典款】,2549,2000+,每满300-40,https://item.jd.com/10064118378223.html
百奥（PARKOO） 工业除湿机除湿器抽湿机大型工厂车间厂房地下室食品药品茶叶吸湿 YDA-8138EB 138L/天130-200平 .,2499,500+,,https://item.jd.com/10042183825512.html
湿美（MSSHIMEI）吊顶管道式除湿机壁挂式大功率吸顶除湿器管道抽湿机SMS-10kg,8800,0,自营,https://item.jd.com/100042248500.html
湿美（MSSHIMEI）吊顶管道式除湿机壁挂式大功率吸顶除湿器管道抽湿机SMS-26B,3400,0,自营,https://item.jd.com/100042248546.html
志高（CHIGO） 除湿机抽湿机 家用地下室用除湿量12升/天 负离子净化干衣机除湿器 12L-APP手机连接【智能款】,749,2000+,每满700-60,https://item.jd.com/10045596715810.html
除湿空气净化器一体机室内干燥抽湿机宿舍卧室干燥机回南天宸焕 标准-双层活性碳针对除灰尘、雅,96,0,"京东物流,1件9.8折",https://item.jd.com/10067486263336.html
美菱（MeiLing）美菱（MeiLing）美菱（MeiLing） 除湿机家用静音抽湿干燥器吸湿工业大功率地下室除潮室内干衣 MD-16E（10L/D量）,599,38,,https://item.jd.com/10067622584415.html
美资森美(MEIZISENMEI)除湿加湿净化一体机机房档案室库房图书馆恒湿机 CSHK903 加湿净化一体,9800,47,自营,https://item.jd.com/100037500502.html
安诗曼 德国（Ansmen)抽湿机/除湿机 别墅家用地下室除湿净化一体机 35L/天适用50-90㎡ 白色,2999,100+,,https://item.jd.com/10029241369230.html
美资森美（MEIZISENMEI） 恒温恒湿机组酒窖空调档案室空调恒温恒湿 SMHK2500D-1P 产品定制,100,34,,https://item.jd.com/10060636792147.html
百奥(PARKOO)工业除湿机/工业抽湿机 除湿量163升/天 适用面积80-240平方米 大面积大功率 CF6.8D,5980,200+,自营,https://item.jd.com/4940862.html
湿美（MSSHIMEI）吊顶管道式除湿机壁挂式大功率吸顶除湿器管道抽湿机SMS-56B,3980,0,自营,https://item.jd.com/100042248510.html
湿美（MSSHIMEI） 工业除湿机适用120~150㎡抽湿机别墅地下室除湿器仓库车间MS-990B,2200,5,,https://item.jd.com/10045653042233.html
湿美（MSSHIMEI） 防爆除湿机适用:80-100㎡工业车间仓库地下人防 BCF-956B,4500,1000+,,https://item.jd.com/10057583028906.html
Jestar 德国除湿机家用抽湿机迷你除湿吸湿去湿器干燥机除潮防潮卧室地下室小型抽湿神器 标准款单核,249,2000+,"京东物流,免邮,满220-30",https://item.jd.com/10044087443240.html
湿井电器（wetwells）吊顶管道除湿机大功率工业90L仓库抽湿机地下室商用除湿机MCH-3.7（含吊顶辅材及安装）,5204,1,自营,https://item.jd.com/100047814685.html
湿美（MSSHIMEI）吊顶管道式除湿机壁挂式大功率吸顶除湿器管道抽湿机SMS-40KG,23500,0,自营,https://item.jd.com/100052367807.html
湿美（MSSHIMEI）吊顶管道式除湿机壁挂式大功率吸顶除湿器管道抽湿机SMS-30KG,16000,0,自营,https://item.jd.com/100042248490.html
美的（Midea）除湿机/抽湿机 工业除湿机家用吸湿器 别墅图书馆地下室干衣净化抽湿酒窖干燥机 10L 一键除霜 干衣防霉,799,44,,https://item.jd.com/10044648512198.html
【顺丰速运】英国OGNAL除湿机家用抽湿机地下室除湿器除潮湿机卧室去湿机去湿 森林绿【24L/日 大量·智控净化】,2499,500+,满2000-400,https://item.jd.com/10055898617138.html
AIRPLUS 艾普莱斯除湿机家用 干衣/抽湿机 家用轻音吸湿器地下室干燥机干衣净化 智能恒湿升级款-AP10-1907EE,639,15,"京东物流,满600-140",https://item.jd.com/10037315041744.html
线下同款美的（Midea） 除湿机家用除湿量12L/天 适用面积2-20平方 地下室干衣 卧室 办公室档案室抽湿机 18L丨智能控湿【20-40㎡】,949,1000+,,https://item.jd.com/10045072119084.html
安诗曼 德国（Ansmen)家用除湿机地下室别墅抽湿机大功率吸湿工业房间除湿器60L/天 白色,3899,100+,,https://item.jd.com/54727426571.html
海信（Hisense） 除湿机家用卧室抽湿机干燥吸湿器地下室工业去湿防潮除湿器 20L/天 负离子净化 CF20BD/FS,999,200+,,https://item.jd.com/10047864702903.html
志高除湿机家用小型卧室地下室内吸湿干燥除潮抽湿去湿防潮湿神器 标准款,148,81,,https://item.jd.com/10047474866041.html
TCL 除湿机家用干衣抽湿机12L/天吸湿85平米整屋除湿卧室仓库轻音净化干衣除湿器 2023升级款 10E玫瑰金版,999,1000+,,https://item.jd.com/10030081471841.html
荣事达除湿机家用小型卧室抽湿机地下室内干燥去湿器 单核机械升级【迷你小款】,199,0,"满299-10,赠",https://item.jd.com/10067402590246.html
海信（Hisense）海信（Hisense） 除湿机抽湿机除湿器变频抽湿器80升每天泵压排水5米扬高适用200平 CF80BD/NDBp,3999,200+,"自营,每满3999-200",https://item.jd.com/10024471486426.html
美资森美除湿机家用抽湿机别墅地下室大功率除湿器办公室净化 hk5068,2399,3,自营,https://item.jd.com/100026809621.html
欧井（Eurgeen） 除湿机家用40升地下室仓库别墅卧室大户型抽湿机泵压向上排水吸湿wifi直连 OJ-401E,1599,5,"京东物流,免邮,每满1599-100",https://item.jd.com/10061599691314.html
美的（Midea）除湿机抽湿器47升70升手机控制干衣快速见效家用商用工业地下室卧室 47升-经典款高效【50-110平方】,1899,0,,https://item.jd.com/10068401640166.html
湿美（MSSHIMEI）吊顶管道式除湿机壁挂式大功率吸顶除湿器管道抽湿机SMS-08kg,8100,0,自营,https://item.jd.com/100052367775.html
湿腾 ST-8156C 除湿机工业除湿量156升/天 240平地下室车间仓库除湿大功率商用抽湿,2980,500+,,https://item.jd.com/28549185022.html
西屋（Westinghouse）除湿机/抽湿机家用除湿器静音地下室别墅吸湿器24升/天20-120平 WD-P2412,2499,63,满1500-500,https://item.jd.com/68509585312.html
美资森美吊顶除湿机大功率工业中央抽湿机地下室管道除湿器吸顶式 HK5038D 日量38L,2399,3,自营,https://item.jd.com/100039795224.html
志高（CHIGO） 除湿机家用静音抽湿器商用大功率小型卧室内防潮工业吸湿 30升/天【负离子净化】豪华款,1699,500+,满1500-300,https://item.jd.com/10055939397842.html
飞利浦 (PHILIPS) 空气净化 除湿一体机回南天除湿（净化/干衣)除湿机家用抽湿机 DE5205/00,2499,1000+,"京东物流,免邮",https://item.jd.com/11878010522.html
湿美电气（MSSHIMEI）工业除湿机地下室仓库抽湿机除湿器MS-9480B 企业专享,11500,0,自营,https://item.jd.com/100038854368.html
湿美（MSSHIMEI） 家用除湿机适用80~100㎡卧室大功率地下室除湿器除潮抽湿机MS-960B,1899,47,"京东物流,免邮",https://item.jd.com/46168174785.html
线下同款美的（Midea） 除湿机家用抽湿机地下室去潮干燥机吸湿器12升18升30升47升 12L家用手机智能款 24-40平,1099,1000+,,https://item.jd.com/10054005276016.html
松下（Panasonic）除湿机出风设计 抽湿机除湿器 地下室抽湿器 F-WYP66XC-P(33L),7999,1,自营,https://item.jd.com/100016390659.html
格力（GREE） 除湿机家用地下室抽湿机工业吸湿器大功率干燥机去湿机静音净化干衣卧室客厅办公室 40L/天DH40EH,2780,500+,赠,https://item.jd.com/40874932405.html
湿美（MSSHIMEI）除湿加湿一体机适用通信机房/交换机房/档案室/资料室/电子精密加工车间工业大功率恒湿机 CS-09B,11500,0,自营,https://item.jd.com/100051989613.html
新典 工业除湿机 家用地下室大功率抽湿机 80-160大面积别墅/仓库/车间/商用抽湿 XD-90,2299,200+,,https://item.jd.com/1683759451.html
美资森美（MEIZISENMEI） 工业除湿机大功率防潮干衣商用车间地下室仓库抽湿 HK900BE 量90L,2199,1000+,,https://item.jd.com/10053594598303.html
美资森美(MEIZISENMEI)工业除湿机大功率防潮干衣商用车间地下室仓库抽湿器 HK5600BE 量600L,10499,14,自营,https://item.jd.com/100035892852.html
湿美（MSSHIMEI）工业除湿机适用地下室抽湿机大功率仓库除湿器 MS-9380B,7800,0,自营,https://item.jd.com/100042762366.html
美资森美吊顶除湿机大功率工业中央抽湿机地下室管道除湿器吸顶式 HK5480D 日量480L,11000,0,自营,https://item.jd.com/100039795248.html
川井（CHKAWAI）除湿机DH-252BE卧室地下室抽湿机家用/吸湿器,1580,44,,https://item.jd.com/17128913971.html
格力（GREE） 大功率工业除湿机家用WiFi智能控制抽湿机卧室地下室轻音吸去祛量 工业款 DH160FQA1A(WIFI),7999,0,"自营,赠",https://item.jd.com/10048043838984.html
德业（Deye） DYD-N20A3家用除湿机 欧式轻音智能除湿机抽湿机 黑色,1388,100+,赠,https://item.jd.com/28252629677.html
TCL 除湿机家用抽湿机100平米整屋除湿卧室地下室净化干衣机除湿器 DEV12E升级款 12L/天量,799,29,每满799-200,https://item.jd.com/10034696615381.html
格力（GREE）除湿机家用 抽湿机客厅地下室 干衣除湿器 除潮吸湿器 【日除湿20升】DH20EM,2280,29,"京东物流,免邮,每满2280-100",https://item.jd.com/63911087111.html
湿美（MSSHIMEI）除湿加湿一体机适用实验室/仪器室/智能恒湿器/库房/工业大功率恒湿机 CS-06B,9530,0,自营,https://item.jd.com/100042248542.html
湿美（MSSHIMEI） 升温烘干除湿机造纸/包装/印刷/木材/仓库烘干除湿器 SM-20KG,14800,0,自营,https://item.jd.com/100042762208.html
抽湿机家用除湿机轻音迷你除湿机器地下室干燥家用抽湿器回南天 湿度显示款 粉红,245,0,,https://item.jd.com/10068070467039.html
美资森美(MEIZISENMEI)工业除湿机大功率防潮干衣商用车间地下室仓库抽湿器 HK5192BE 量192L,4199,1000+,,https://item.jd.com/10043948668639.html
志高（CHIGO） 除湿机抽湿机 家用地下室用除湿量12升/天 负离子净化干衣机除湿器 12L-大水箱+负离子净化【高配款】,685,20,"每满600-60,赠",https://item.jd.com/10055039245461.html
德业（Deye） 除湿量58升/天 轻音47分贝 家用地下室别墅干衣变频吸湿器DYD-V58A3,3580,100+,赠,https://item.jd.com/27971798458.html
美的（Midea） 除湿机除湿器 50L\/天家用干衣\/抽湿机整屋\/卧室\/大平层\/地下室 50L-商住复合型【120平内】,2299,1000+,"满2299-100,赠",https://item.jd.com/44872834173.html
hysure 家用除湿机迷你衣橱衣柜小型除湿器钢琴可循坏抽湿机防潮防霉吸湿 除湿器套装+2条,229,1万+,每满229-30,https://item.jd.com/10026180460078.html
艾普莱斯AIRPLUS除湿机/抽湿机家用20L/天 仓库地下室别墅工业大功率除湿器干衣机 AP20-801EE【专享】,999,1,自营,https://item.jd.com/100040495757.html
海尔（Haier） 除湿机抽湿机 除湿量20升/天 家用除湿机轻音地下室干衣除湿器 【CF20-PJ1】水箱2.2L款,2199,500+,,https://item.jd.com/10067932896544.html
美资森美吊顶除湿机大功率工业中央抽湿机地下室管道除湿器吸顶式 HK5380D 日量380L,7599,0,自营,https://item.jd.com/100039795140.html
湿美（MSSHIMEI） 家用除湿机适用:20~50㎡吸湿器抽湿地下室空气去湿干燥除湿机 60L【适合100平内使用】,1899,1000+,,https://item.jd.com/10026664128406.html
夏普 （SHARP）除湿净化一体机除菌防霉除臭除湿机 家用静音干燥地下室干衣抽湿机 主动消毒杀菌 DW-CE15F-W,2999,200+,每满2999-700,https://item.jd.com/41296281586.html
荣事达除湿机家用静音卧室地下室内小型防潮吸湿干燥机抽湿机 四代单核-遥控款-白,249,0,"满299-10,赠",https://item.jd.com/10067402595462.html
kireehom 除湿机家用抽湿机静音室内除潮卧室去湿吸湿器干燥机大功率神器 白色,999,500+,,https://item.jd.com/10027473058569.html
湿美电气（MSSHIMEI）工业除湿机适用:750~900㎡大功率抽湿机地下室除湿器仓库MS-25KG 企业专享,12800,1,自营,https://item.jd.com/100024392311.html
奈斯达家用档案室空气除湿机 AY-901F 办公室抽湿机智能手推式除湿器,4046,0,自营,https://item.jd.com/100043990103.html
美的（Midea） 商用大容量除湿机抽湿机别墅地下室大空间快速抽湿器 70升 /天适用150平 CF70BD/N8-DL1,2599,0,,https://item.jd.com/10061543604946.html
松下（Panasonic）除湿机/抽湿机 家用干衣净化卧室地下室轻音吸湿器 大功率除湿空气干燥机 【除菌防霉】F-CYT45XC-日22L,3799,100+,"每满1000-100,赠",https://item.jd.com/10058192793461.html
湿美（MSSHIMEI）吊顶管道式除湿机壁挂式大功率吸顶除湿器管道抽湿机SMS-56B,3980,0,自营,https://item.jd.com/100042815190.html
美资森美（MEIZISENMEI） 新风除湿机抽湿一体机双向流全热交换商用地下室防霾除潮抽湿 上门测量,100,66,,https://item.jd.com/10056485418451.html
湿美（MSSHIMEI）湿美工业除湿机适用:800~1000㎡大功率仓库抽湿机除湿器 MS-30KG,15200,0,自营,https://item.jd.com/100052332235.html
湿美（MSSHIMEI）工业除湿机适用120~150㎡抽湿机别墅地下室除湿器仓库车间MS-990B,2200,0,自营,https://item.jd.com/100042762410.html
湿美（MSSHIMEI）吊顶管道式除湿机壁挂式大功率吸顶除湿器管道抽湿机SMS-20KG,14000,0,自营,https://item.jd.com/100042248522.html
美资森美(MEIZISENMEI)低温除湿机工业冷库抽湿器医药食品仓库除湿机0℃不结冰 DWHK5380BE,8500,0,自营,https://item.jd.com/100037010736.html
安润仕防爆除湿机工业抽湿机大功率100-300㎡车间仓库房配电室除湿器 90L【适用100-180㎡】,5200,0,,https://item.jd.com/10066318185091.html
抽湿机家用除湿机轻音迷你除湿机器地下室干燥家用抽湿器回南天 湿度显示款 草绿升级款外接,263,0,,https://item.jd.com/10068070467036.html
线下同款美的（Midea） 除湿机抽湿器12升18升20升30L50L手机控制干衣家用商用工业地下室卧室 20升手机智联 小方盒【18-40平方】,1499,500+,,https://item.jd.com/10055974717273.html
湿美（MSSHIMEI）吊顶管道式除湿机壁挂式大功率吸顶除湿器管道抽湿机SMS-156B,4650,0,自营,https://item.jd.com/100042815184.html
奥克斯除湿机家用抽湿机卧室地下室小型除湿器吸湿去湿除潮干燥机 白+银(双核款),539,4,京东物流,https://item.jd.com/10056736939275.html
欧井（Eurgeen）除湿机家用除湿量12升/天 抽湿机卧室除湿器 支持HUAWEI HiLink OJ-123E--APP智联款 OJ-123E,699,24,,https://item.jd.com/10033205880403.html
湿美（MSSHIMEI）吊顶管道式除湿机壁挂式大功率吸顶除湿器管道抽湿机SMS-08kg,8100,0,自营,https://item.jd.com/100051989615.html
湿美（MSSHIMEI） 除湿机家用抽湿机 除湿量 家用轻音吸湿器别墅地下室干燥机干衣净化 除潮空气 30L除湿机,1399,2万+,京东物流,https://item.jd.com/10057090460449.html
艾美特（AIRMATE） 除湿机家用除湿器抽湿机工业去湿机地下室卧室别墅图书馆防潮湿 20L/天 DM2006,1499,200+,,https://item.jd.com/25980147509.html
湿美（MSSHIMEI）工业除湿机适用地下室抽湿机大功率仓库除湿器 MS-9300B,6500,0,自营,https://item.jd.com/100052332327.html
湿美（MSSHIMEI）吊顶管道式除湿机壁挂式大功率吸顶除湿器管道抽湿机SMS-138B,4350,0,自营,https://item.jd.com/100051989619.html
松下（Panasonic）除湿机22L干衣抽湿机卧室客厅地下室吸湿除湿器 F-60C1YXC-日30L,4098,0,,https://item.jd.com/10067423061428.html
松下（Panasonic） 除湿机 日除湿21L家用干衣智能app控制 PM2.5感应纳诺怡除湿 F-42C2YTA,4779,3,"京东物流,免邮,每满200-30,赠",https://item.jd.com/10063567542162.html
湿美（MSSHIMEI） 工业除湿机 适用:80~200㎡车间仓库地下室除潮抽湿器 138L 【适合200平内使用】,2199,2万+,,https://item.jd.com/10057583361994.html
湿美（MSSHIMEI）吊顶管道式除湿机壁挂式大功率吸顶除湿器管道抽湿机SMS-20KG,14000,0,自营,https://item.jd.com/100042815202.html
JHS除湿机/抽湿机 除湿量60升/天 家用别墅地下室大功率干衣吸湿器CF-60BD/A,1799,0,自营,https://item.jd.com/100050317067.html
湿井电器（wetwells） 湿井工业除湿机大功率抽湿机156L仓库地下室家用商用除湿器干燥机 156L 水管直排,2490,100+,,https://item.jd.com/10055340848135.html
湿井电器（wetwells） 除湿机180L工业除湿机大功率地下室仓库车间车库抽湿器干燥机MCH-7180B,4291,0,自营,https://item.jd.com/100028026829.html
EGFB防爆除湿机/抽湿机工业级药厂仓库大功率抽湿除潮空气吸湿器干燥机除湿量380L/天 BCF-380L 380V,28285,0,自营,https://item.jd.com/100042057703.html
湿美（MSSHIMEI）MS-9300B除湿机大功率适用:500~580㎡地下室仓库车间工业抽湿【企业采购】,6500,8,自营,https://item.jd.com/100028098268.html
松下除湿机家用小型抽湿机卧室地下室工业大功率干燥器F-YCJ17C-X 银灰色,3099,0,,https://item.jd.com/10067195711836.html
湿美MSSHIME 调温除湿机 工业商用大型仓库 MS-10M 白色【企业采购】,15715,2,自营,https://item.jd.com/100023017993.html
AOMN 除湿机/抽湿机/干衣 30升/天家用除湿量 负离子地下室别墅轻音吸湿器AF30-HK 30l,3399,0,满3000-1400,https://item.jd.com/10067056091114.html
惠而浦（whirlpool） 除湿机抽湿机除湿量10升/天家用地下室复式别墅家用吸湿器 WD-DT10K,1299,0,每满1299-500,https://item.jd.com/10068403095951.html
松井SJ-660EP除湿机家用大功率抽湿器地下室仓库实验室干燥器别墅车间除湿器泵压排水65L/D,3880,68,,https://item.jd.com/71718863715.html
多乐信（DOROSIN） 工业除湿机家用除湿器品牌压缩机地下室抽湿机商用仓库大面积防潮DR-600L,2180,1000+,每满2180-218,https://item.jd.com/10020422524.html
志高（CHIGO）除湿机/抽湿机 除湿量60升/天 别墅 家用地下室工业除湿器 60升/天-10分钟出水【工业级】,2599,2000+,每满2599-200,https://item.jd.com/10061116757809.html
卡蛙（SmartFrog）小方盒除湿机 家用除湿器 兰迪黄 KW-CS01,398,1,自营,https://item.jd.com/100045900973.html
松下家用卧室地下室抽湿机 除湿器 工业抽湿器 F-WYP46XC,5999,4,自营,https://item.jd.com/100029855130.html
小艾除湿机抽湿机家用静音吸湿器除潮卧室家用除湿地下室干燥机干衣净化除湿器抽湿特价压缩机除湿机 小巧节能款【2升/天】,199,2000+,,https://item.jd.com/10024508166071.html
小MI有品欧井（Eurgeen） 除湿机家用12升抽湿机卧室别墅除湿器抽湿机干燥机 OJ-137E标准款【量12L/D】,569,1,,https://item.jd.com/10060145916479.html
川京 MORII森井除湿机商用工业除湿机大功率 地下室仓库机房抽湿机车间除湿器 MDH-728B,1550,4,,https://item.jd.com/10054630165253.html
湿美（MSSHIMEI）湿美工业除湿机适用:800~1000㎡大功率仓库抽湿机除湿器 MS-30KG,15200,0,自营,https://item.jd.com/100042713144.html
湿美（MSSHIMEI） 升温烘干除湿机造纸/包装/印刷/木材/仓库烘干除湿器 SM-20KG,14800,0,自营,https://item.jd.com/100052511423.html
德业（Deye） 家用工业除湿机/抽湿机 智能静音 客厅卧室除湿干衣DYD-N20A3吸湿,1388,70,每满1300-128,https://item.jd.com/10782934777.html
仟井 TH-12CSH除湿机抽湿机除湿器 12L白色 智能系列 质保三年 智享生活 除湿 净化 干衣,1998,0,自营,https://item.jd.com/100046401933.html
澳柯玛（AUCMA） 除湿机家用小型吸湿室内卧室宿舍静音抽湿除潮空气干燥神器 12L加强款(压缩机),598,0,每满500-50,https://item.jd.com/10068085687849.html
湿曼 （SHIMAN)工业除湿机300㎡大功率抽湿机工厂仓库别墅地下室车库干燥机大面积吸湿去湿 70L【适用面积150㎡内】软管直排/水箱两用,1688,53,,https://item.jd.com/10057968633136.html
湿美（MSSHIMEI）吊顶管道式除湿机壁挂式大功率吸顶除湿器管道抽湿机SMS-138B,4350,0,自营,https://item.jd.com/100042815170.html
志高（CHIGO）除湿机抽湿机 家用地下室用除湿量20L/天适用200平 负离子净化干衣机 A31智能款【手机APP操控+负离子净化】,1299,500+,每满1270-100,https://item.jd.com/25671909125.html
JHS 除湿机家用 卧室干燥机 抽湿器家用 干衣除湿器 轻音吸湿器 金鸿盛抽湿机 WIFI智能【12L】,589,100+,,https://item.jd.com/10043912600481.html
湿美（MSSHIMEI）防爆除湿机BCF-990B 适用于工厂车间仓库人防实验室 【企业采购】,6800,12,自营,https://item.jd.com/100017305335.html
汇香天泽除湿机20-40㎡除湿机家用小型抽湿机宿舍节能去湿吸湿器室 标准版除湿防霉+空气净,378,0,每满100-10,https://item.jd.com/10068431493544.html
志高（CHIGO）除湿机家用卧室抽湿机空气去湿器吸湿器除潮干燥智能除湿/负离子净化 基础款,329,11,,https://item.jd.com/10067171287613.html
湿美（MSSHIMEI）吊顶管道式除湿机壁挂式大功率吸顶除湿器管道抽湿机SMS-12kg,10200,0,自营,https://item.jd.com/100042248498.html
除湿机家用去潮湿神器抽湿机卧室宿舍静音防霉防潮湿干燥机荣事达 橄榄绿基础款(单核智控),229,0,"满299-10,赠",https://item.jd.com/10067378720027.html
松下（Panasonic） 除湿机/抽湿机 家用干衣净化卧室办公室地下室轻音吸湿器 空气干燥机 【自动干衣】F-YCJ10C-W-日10L,1899,92,每满1000-100,https://item.jd.com/10068272791333.html
hysure 家用除湿机迷你衣橱衣柜家用充电式除湿器钢琴除湿机防潮防霉吸湿 除湿器套装+2条,229,1000+,每满229-30,https://item.jd.com/10058529448214.html
美的（Midea） 除湿机/抽湿机小方物智能WIFI家用静音干衣净化吸湿器20升/天适用37-52平 CF20BD/N7-DM200,1499,48,,https://item.jd.com/10027481909142.html
Jestar 德国除湿机家用抽湿机迷你除湿吸湿去湿器干燥机除潮防潮卧室地下室小型抽湿神器 欧式智能款+色灯+负离子净化,469,2000+,"京东物流,免邮,满220-30",https://item.jd.com/10049967944612.html
AIRPLUS 除湿机/抽湿机 家用除湿器轻音吸湿器地下室干燥机,669,500+,"京东物流,每满630-70",https://item.jd.com/10023672357794.html
格力（GREE）除湿机家用 除湿吸湿器大客厅卧室 抽湿机地下室 干衣抽湿器 【30平方以内效果最佳】20升,2280,200+,"京东物流,免邮,每满2280-300",https://item.jd.com/16929444259.html
美的（Midea）除湿机/抽湿机 工业除湿机家用吸湿器 别墅图书馆地下室干衣净化抽湿酒窖干燥机 47L 超大容量 快速,2299,44,,https://item.jd.com/10044647642348.html
湿井电器（wetwells）调温除湿机240L大功率抽湿机仓库地下室除湿器 MCH-10,11600,0,自营,https://item.jd.com/100043448601.html
TCL 除湿机家用50L/天抽湿机200平米除湿UV除菌净化干衣机大功率除湿器 2023年升级款 UV除菌款50EBP,2999,2,满200-30,https://item.jd.com/10045550850431.html
湿美（MSSHIMEI）耐低温除湿机鲜花/冷库/医药/仓库/地下室/酒窖/食品低温储藏/工业除湿机冷库专用抽湿MS-08DX,6800,16,,https://item.jd.com/10863892676.html
除湿机家用卧室抽湿室内吸湿器干燥防潮除潮去湿潮湿小型神器bea 基础款【双核】,286,16,,https://item.jd.com/10044958294473.html
飞利浦 (PHILIPS) 空气净化器除湿一体机（除湿/净化/干衣)除湿机家用抽湿机DE5205 DE5205/00,2999,0,"京东物流,每满2999-500",https://item.jd.com/10059910247039.html
松下（Panasonic） 除湿机/抽湿机 家用干衣净化卧室办公室地下室轻音吸湿器 空气干燥机 【自动干衣】F-10C3YC-X-日10L,1799,92,每满1000-100,https://item.jd.com/10068272791332.html
继洋 智能除湿装置JY-760P开关柜配电柜除湿器防潮防凝露排水除湿,350,4,,https://item.jd.com/10055748733224.html
hysure 除湿机家用抽湿机20L/天卧室地下室去湿器吸湿干燥除潮防潮神器 白色,1299,0,每满1299-200,https://item.jd.com/10052385325833.html
活仕 (Auswoods)除湿机/抽湿干衣机 20升日除湿 家用智能卧室小型大功率地下室除湿器 WDF28DGF,2688,1000+,每满200-20,https://item.jd.com/10043953938061.html
爱心东东美的除湿机50升家用抽湿机工业商用70升地下室去潮干燥机吸湿器12升18升30升小海绵除湿机 12L家用款 24-40平,599,4,赠,https://item.jd.com/10060679774110.html
松下（Panasonic）除湿机22L干衣抽湿机卧室客厅地下室吸湿除湿器 F-CYT45XC-日22L,3499,0,,https://item.jd.com/10067423061427.html
西屋（Westinghouse） 除湿机家用轻音除湿器卧室地下室干燥抽湿吸湿器抽湿机防潮 WD-P2012,2299,12,满1500-500,https://item.jd.com/10054637507843.html
海信（Hisense） 除湿机/抽湿机/除湿器 12L/天 家用轻音卧室地下室档案室吸湿器 干衣机 CF12BD/GS,699,4,,https://item.jd.com/10047963775333.html
格力（GREE）除湿机智能家用卧室办公室抽湿机除湿器去湿机干燥机吸湿干衣净化三合一DH25EPA1A【企业专享】,2680,24,自营,https://item.jd.com/100016149499.html
亚都(YADU)除湿机 C8231BGW家用除湿器抽湿地下室抽湿器,2999,0,自营,https://item.jd.com/100042438062.html
美资森美（MEIZISENMEI） 新风除湿净化一体机商用别墅地下室换气中央吊顶管道式全屋一机单向流 上门测量,200,85,,https://item.jd.com/10044921152616.html
格力（GREE）除湿机150L/天抽湿机工业大功率地下室除湿器抽湿器CF3.8BDE【企业专享一价全包】,5999,11,自营,https://item.jd.com/100018783665.html
拍拍美国原装进口惠而浦除湿机80L大功率家用变频静音抽湿地下室仓库 惠而浦80L（低噪新款）,2268,0,,https://item.jd.com/10065359389056.html
湿美（MSSHIMEI）湿美工业除湿机适用:1300~1500㎡车间商用大功率湿机器 MS-50Kg,21000,0,自营,https://item.jd.com/100052300225.html
美资森美(MEIZISENMEI)升温耐高温除湿机工业大功率加热烘干房食品药材木料茶叶抽湿机 耐高温GWHK5380BE,8899,0,自营,https://item.jd.com/100021551317.html
美的（Midea）除湿机 抽湿机12L 18L 30L大容量 家用地下室卧室干衣净化吸湿器 12L【2-20㎡】-家用性价比款DN,569,17,,https://item.jd.com/10050695099421.html
JHS除湿机 家用抽湿吸湿干燥机 工业除潮大功率日除湿14L室内地下室除湿器 D002E-28P,799,0,自营,https://item.jd.com/100050317071.html
奥克斯（AUX） 除湿机家用抽湿机卧室地下室小型除湿器吸湿去湿除潮干燥机低噪音实用 白混金【02型】 除湿机,349,2,,https://item.jd.com/10066725523928.html
美资森美(MEIZISENMEI)耐高温除湿机工业大功率加热烘干房食品药材木料茶叶抽湿机 耐高温GWHK900BE,3299,1,自营,https://item.jd.com/100021475967.html
Jestar 德国除湿机家用抽湿机迷你除湿吸湿去湿器干燥机除潮防潮卧室地下室小型抽湿神器 德国半导体双核旗舰版+负离子,599,2000+,"京东物流,免邮,满220-30",https://item.jd.com/10049967944614.html
飞利浦 (PHILIPS) 除湿机/抽湿机 智能数显轻音 万向轮 一键干衣客厅卧室情人节礼物 DE3203/00,2199,0,"京东物流,免邮",https://item.jd.com/10045453794378.html
爱心东东除湿空气净化器一体机室内干燥抽湿机宿舍卧室干燥机回南天宸焕 标准+两片活性碳备用、墨绿,108,9,,https://item.jd.com/10055538864627.html
志高（CHIGO） 除湿机家用静音抽湿器商用大功率小型卧室内防潮工业吸湿 20L-家居优选,1299,500+,满1200-140,https://item.jd.com/10044413250047.html
湿美（MSSHIMEI）除湿加湿一体机适用:10-30㎡印刷车间/GMP洁净车间/库房/档案室/资料室恒湿机抽湿 CS-03,7500,0,,https://item.jd.com/10045652928279.html
湿美（MSSHIMEI）吊顶管道式除湿机壁挂式大功率吸顶除湿器管道抽湿机SMS-30KG,16000,0,自营,https://item.jd.com/100042815160.html
松下（Panasonic） 除湿机家用智能办公室除湿器地下室自动干衣净化抽湿机 F-17C8YC-日8升,1199,45,,https://item.jd.com/65835368975.html
除湿机大功率地下室家用除湿器商用抽湿机仓库车间吸湿机 温湿度传感器,112,0,,https://item.jd.com/10067104234966.html
湿美（MSSHIMEI）降温除湿机工业调温降温除湿机大功率精密降温空调机商用 MS-40M,38500,0,自营,https://item.jd.com/100051989579.html
多乐信（DOROSIN） 多乐信家用除湿机大功率21L除湿量卧室地下室抽湿机除湿器 HD-260E 白色,1280,6,,https://item.jd.com/10064113490040.html
美资森美吊顶除湿机大功率工业中央抽湿机地下室管道除湿器吸顶式 HK5600D 日量600L,12899,0,自营,https://item.jd.com/100039795252.html
美资森美(MEIZISENMEI)工业除湿机大功率防潮干衣商用车间地下室仓库抽湿器 HK5240BE 量240L,4699,14,自营,https://item.jd.com/100020475533.html
爱心东东西屋（Westinghouse）除湿机家用抽湿机轻音一键干衣除湿器手机wifi控制卧室地下室防潮吸湿UV紫外线杀菌净化空气干燥机 WD-P12012 【120L】+商住两用,7599,9,满7599-1550,https://item.jd.com/10067534811693.html
百奥（PARKOO） 除湿机抽湿80-150平方大功率家用卧室小型轻音吸湿器地下室房间空气除潮干燥机 HD381A,1439,200+,每满300-40,https://item.jd.com/41833989554.html
百奥（PARKOO） 工业大功率除湿机 158L /D除湿量家商用智能地下室装修抽湿仓库防潮吸湿 DCS1382E【wifi智能款】不带水箱,2649,2000+,每满300-40,https://item.jd.com/10021504829127.html
安润仕 工业除湿机大功率抽湿机300㎡-500㎡档案室配电地下室仓库车间大面积 288L/D【430-500㎡适用】,5900,13,,https://item.jd.com/10054868335036.html
达氏（Dustie） 瑞典达氏转轮式除湿机家用静音室内小型吸湿器除菌干衣干燥抽湿机 DHK8 白色,2920,0,赠,https://item.jd.com/10066150795753.html
新科除湿机器家用抽湿机卧室低噪音地下室办公室迷你除湿器净化干衣吸湿去湿神器干燥机 CF12BD/Z2(12L),589,2,,https://item.jd.com/10047522460322.html
湿美电气（MSSHIMEI）防爆除湿机 一台,6800,1,自营,https://item.jd.com/100038434067.html
爱心东东西屋（Westinghouse）除湿机家用抽湿机轻音一键干衣除湿器手机wifi控制卧室地下室防潮吸湿UV紫外线杀菌净化空气干燥机 WD-P1212 WiFi款【12L】+干衣,1899,9,满1899-600,https://item.jd.com/10067532010704.html
世雅（SHIYA） 除湿机家用小型卧室地下室内吸湿器干燥除潮抽湿防潮神器 一键除湿 炫酷颜色配置水管 F升级遥控款,284,5,,https://item.jd.com/10059355740879.html
小MI有品欧井（Eurgeen） 除湿机家用12升抽湿机卧室别墅除湿器抽湿机干燥机 OJ-137E米家款【量12L/D】,639,1,,https://item.jd.com/10060148502334.html
川韬 工业除湿机大水箱自动排水快速抽湿机吸湿器南方回潮恒湿控湿商用干燥器干燥机适合大空间防潮 60L 160平方以内适用【水箱款】,2180,0,满200-30,https://item.jd.com/10059474724476.html
湿美（MSSHIMEI）工业除湿机 适用:80~200㎡车间仓库地下室除潮抽湿器MS-860D黑色直排款,1699,0,自营,https://item.jd.com/100052080925.html
湿美（MSSHIMEI） 工业除湿机 适用:80~200㎡车间仓库地下室除潮抽湿器 180L 【适合300平内使用】,4380,2万+,,https://item.jd.com/10057583361997.html
湿美（MSSHIMEI） 工业除湿机带水箱适用:80~200㎡车间仓库地下室除潮 MS-9138BE 138L水箱款 【适合200平内使用】,2399,500+,京东物流,https://item.jd.com/10045569781032.html
湿腾 ST-890C 工业除湿机除湿量90升/天适用面积150平米内大功率仓库地下室大面积抽湿,2580,200+,,https://item.jd.com/28483655277.html
百奥（PARKOO） 工业除湿机除湿器抽湿机大型工厂车间仓库厂房地下室食品药品茶叶吸湿烘干 CF8.8KT 8.8KG/小时 200-300平,7280,200+,,https://item.jd.com/1568832560.html
欧井（Eurgeen）OJX-1508E除湿机 商用除湿设备地下室别墅商场抽湿机轻音仓库吸湿干燥,4988,0,自营,https://item.jd.com/100044581593.html
爱心东东美的（Midea） 美的(Midea) 除湿机 抽湿机 小海绵除湿机 除湿量70升 大功率净化 工厂商用 18L-全屋干爽,999,2,赠,https://item.jd.com/10067824455686.html
Brandt 法国白朗除湿机/抽湿机家用卧室地下室轻音干衣除潮干燥机吸湿除湿器 40L-带烘干功能-D40L,3499,1000+,满1299-500,https://item.jd.com/10044639205452.html
安诗曼 德国（Ansmen）除湿机家用卧室抽湿机别墅室内智能吸湿器 26L/天适用10-65㎡ 幻影银,1699,100+,,https://item.jd.com/10038581552237.html
湿井电器（wetwells） 除湿机BCF-10 工业除湿器仓库地下室抽湿机240L,9705,0,自营,https://item.jd.com/100028119663.html
多乐信（DOROSIN） 多乐信工业除湿机大功率抽湿机抽湿器仓库工厂车间车库除湿器地下室吸湿干燥机 DP-6.8D 电压220V,4500,6,满1450-100,https://item.jd.com/10023026798006.html
Panasonic 松下家用大面积除湿机室内空气除潮去湿办公室卧室地下室抽湿器 F-YCM14C（净化14L）,2499,2,,https://item.jd.com/10058287670882.html
除湿机大功率地下室家用除湿器商用抽湿机仓库车间吸湿机 56L 100平方以内使用,2363.2,0,1件9.5折,https://item.jd.com/10067104234946.html
湿井电器（wetwells）工业除湿加湿机一体机适用200平方米以内实验室仪器室智能恒湿机恒湿器 MCH-12Y,14812,1,自营,https://item.jd.com/100028119549.html
美资森美新风除湿机全热交换双向流换气抽湿一体机中央吊顶管道除湿器家用商用地下室防霾除潮抽湿RHXF300D,15800,0,自营,https://item.jd.com/100022339665.html
湿美（MSSHIMEI）工业调温除湿机 调温降温快速除湿机 MS-06M 定制防爆 白色【企业采购】,22000,4,自营,https://item.jd.com/100023150277.html
松下（Panasonic）除湿机/抽湿机 F-60C1YXC 家用30L干衣净化卧室地下室轻音吸湿 大功率空气干燥机 【大户型除菌防霉】F-60C1YXC-日30L,4499,0,每满1000-100,https://item.jd.com/10068277277570.html
夏普 （SHARP）除湿净化一体机 除湿机静音家用抽湿干衣干燥机 地下室工业除湿除霉杀菌 DW-CN30F-S,4999,3,每满4999-1400,https://item.jd.com/10062552410164.html
湿美（MSSHIMEI）除湿加湿一体机商用恒湿机除湿机工厂/机房/档案室/车间恒湿器加湿 CS-12B,13800,0,自营,https://item.jd.com/100042248526.html
松下（Panasonic） 除湿机 家用22L大除湿量抽湿机 卧室客厅地下室干衣干燥机 F-CYT45XC 日量22L,4099,2,满3999-600,https://item.jd.com/10044350535528.html
湿腾 GST-T38吊装式中央管道家用商用除湿机隐藏吊顶除湿器宾馆地下室别墅电影院会议室,15800,0,,https://item.jd.com/46283479664.html
湿美（MSSHIMEI）除湿加湿一体机适用通信机房/交换机房/网络机房/办公室/计算机机房工业大功率恒湿机抽湿CS-03B,7500,0,自营,https://item.jd.com/100042800148.html
皇禧商用工业除湿机大功率地下室内吸潮干燥抽湿机工厂车间商用吸湿器抽湿机 138L/D适用面积130-150㎡"},2434,26,,https://item.jd.com/10067155519053.html
爱心东东美的（Midea）除湿机30 小海绵除湿机/50升用抽湿机大功率大水箱干燥室内干衣除潮客厅卧室去湿 50L-大功率快速见效,2199,0,赠,https://item.jd.com/10067824420176.html
小艾 除湿机 抽湿机家用卧室除湿机30升/天 除湿机静音除湿净化干衣机除湿器 CF50,999,200+,,https://item.jd.com/10020883773652.html
湿美电气（MSSHIMEI）防爆除湿机车间工业仓库地下室除湿器BCF-9480B适用:650~700㎡ 企业专享,16800,7,自营,https://item.jd.com/100022212637.html
EGFB防爆除湿机/抽湿机工业级药厂仓库大功率抽湿除潮空气吸湿器干燥机除湿量168L/天 BCF-168L 220V,15114,0,自营,https://item.jd.com/100042052823.html
百奥（PARKOO） 除湿机抽湿机除湿器家用别墅地下室智能防潮空气过滤吸湿器除湿净化除PM2.5 KJD01A-35,1980,26,每满300-30,https://item.jd.com/36325379103.html
Jestar 德国迷你家用除湿器小型除湿机抽湿干燥机防潮烘干去湿神器静音卧室 智能恒湿(升级静音版）,289,86,,https://item.jd.com/10044088320356.html
荣事达除湿机家用小型卧室抽湿机地下室内干燥去湿器 单核机械按键【迷你小款】,169,0,"满299-10,赠",https://item.jd.com/10067402590245.html
奈斯达升温除湿机7kg/h烘干房耐高温大功率抽湿机木材药材除湿器面条茶叶干燥 AY-H7.0S|白色,11800,0,,https://item.jd.com/10067365681561.html
美的（Midea）家用除湿机 APP智控辅助干衣/抽湿机除湿量30升/天 适用40~70㎡DP4升级款 CF30BD/N7-DP5,1599,1,自营,https://item.jd.com/100034295851.html
湿井电器（wetwells） 除湿机大功率抽湿机156L仓库地下室家用商用除湿器干燥机 156L水箱款MCH-7156B,2544,1,自营,https://item.jd.com/100028026791.html
OGNAL 奥戈那除湿机抽湿机家用静音室内吸湿回南天防潮干燥机祛湿大面积除湿神器 24L /天 白色-24L,2699,2000+,每满2299-600,https://item.jd.com/10027976289802.html
川井除湿机DH-902B工业90L大功率仓库车间地下室工厂抽湿机吸湿机 90L工业除湿机-DH-902B,2550,62,,https://item.jd.com/10024189252420.html
志高（CHIGO） 除湿机家用静音抽湿器商用大功率小型卧室内防潮工业吸湿 60L-大面积,2569,500+,满2000-500,https://item.jd.com/10044413250049.html
百奥（PARKOO） 工业大功率除湿机 158L\/D除湿量家商用智能地下室装修抽湿仓库防潮吸湿 DCS702E【内置5L水箱】,2030,2000+,每满300-40,https://item.jd.com/10034512042477.html
欧井（Eurgeen）除湿机/抽湿机家用除湿机除湿量22升/天京鱼座智能生态OJ-223E家用杀菌净味,1349,39,,https://item.jd.com/10032575906614.html
奥克斯除湿机家用卧室去湿器吸湿干燥除潮防潮小型抽湿神器地下室KDY-DZ03,419,20,"京东物流,免邮",https://item.jd.com/10044218527974.html
赛特斯（CETUS）抽湿机家用除湿机工业大功率除湿器地下室别墅商用低音吸湿器 触摸款R8白色【4升水箱】,569,1000+,,https://item.jd.com/64990920724.html
Brandt 白朗除湿机家用抽湿机除湿器地下室别墅干燥机吸湿器去湿机抽湿器除潮机 D60L（带自动化霜）,4499,1000+,,https://item.jd.com/10044527046307.html
荣事达（Royalstar）荣事达除湿机家用卧室吸湿除潮室内干衣抽湿去湿器小型防潮神器 月光白-单核-遥控,239,0,"满299-10,赠",https://item.jd.com/10067437357039.html
净化加湿除湿一体机家用工业恒湿加湿器消毒档案室智能 恒湿净化一体机60L,10080,0,,https://item.jd.com/10067104311843.html
川井（CHKAWAI） 除湿机DH-1282B商用/工业除湿机/大面积除湿128升/天,3180,100+,,https://item.jd.com/17130071128.html
Jestar 德国除湿机家用抽湿机去湿器吸湿干燥除潮防潮卧室地下室小型抽湿神器 德国半导体双核旗舰版+负离子净化,599,500+,"京东物流,免邮,每满499-100",https://item.jd.com/10052625211275.html
松下（Panasonic） 除湿机家用大功率地下室工业干燥抽湿机除潮除湿器 F-46C7YXW-S,6359,0,"每满1000-60,赠",https://item.jd.com/10054746728146.html
格力（GREE） 除湿机工业抽湿机家用除湿器干衣适用面积100-150㎡ DH40EM,3180,15,每满3000-200,https://item.jd.com/10037331294087.html
美资森美(MEIZISENMEI)低温除湿机工业冷库抽湿器医药食品仓库除湿机0℃不结冰 DWHK5480BE,10100,1,自营,https://item.jd.com/100021291149.html
TCL 除湿机抽湿机 50升除湿量 泵压排水 家用地下室大功率工业DET50EP,2399,37,"每满2399-100,赠",https://item.jd.com/10046067469992.html
格力 （GREE） 除湿机家用抽湿机卧室地下室轻音干衣吸去除湿器12升/天适用20-50㎡ DH12EN,958,12,每满950-70,https://item.jd.com/10055955757935.html
线下同款美的（Midea） 除湿机/抽湿机家用除湿量47L/天适用面积70-120平方干衣 家用地下室 CF47BD/N7-DP4,1899,36,,https://item.jd.com/68926423803.html
奥克斯除湿机家用卧室小型空气吸湿器地下室大功率干燥机工业抽湿 白色,1259,3,京东物流,https://item.jd.com/10056538313176.html
美的（Midea） 除湿机家用抽湿机大功率地下室吸湿器大水箱空气干燥室内干衣除潮客厅卧室去湿 18L【极速 时尚单品】,949,2000+,,https://item.jd.com/10027300589386.html
湿美（MSSHIMEI） 除湿机工业大功率抽湿机适用:100~250㎡仓库吸湿器 MS-9156BE MS-9156BE,2680,46,"京东物流,免邮",https://item.jd.com/66360259377.html
飞利浦 (PHILIPS) 除湿机/抽湿机 智能数显轻音 万向轮 一键干衣客厅卧室DE3203/00 DE3203/00,2199,1,"京东物流,免邮",https://item.jd.com/10053155964460.html
美菱(MeiLing)除湿机 家用卧室 地下室 吸湿吸潮 除湿神器 房间去潮 抽湿器 干燥机 除湿机,899,5,满500-100,https://item.jd.com/10047939886575.html
湿井电器（wetwells)工业除湿加湿一体机 实验室仪器室智能恒湿机恒湿器HSJ-09H,16855,0,自营,https://item.jd.com/100028119497.html
湿井电器（wetwells）工业除湿加湿机一体机适用50平方米以内 实验室仪器室检测室智能恒湿机恒湿器MCH-06Y,8683,2,自营,https://item.jd.com/100028119561.html
海信（Hisense） 除湿机/抽湿机 20升/天 38分贝 家用别墅衣帽间 四季干衣 轻音吸湿 CF20BD/SH,999,200+,满999-200,https://item.jd.com/62870850591.html
松下（Panasonic） 除湿机家用地下室/办公室/卧室抽湿机 除潮低噪音干衣机吸湿机干燥 F-60C1YXC日30L/适用40-70m2,4789,54,满3999-690,https://item.jd.com/10044341479993.html
百奥（PARKOO）工业除湿机除湿器抽湿机大型工厂车间仓库抽湿器 CF6.8DT 200-250平方 220V电源,5680,100+,每满300-30,https://item.jd.com/1568886633.html
志高除湿机家用小型卧室地下室内吸湿干燥除潮抽湿去湿防潮湿神器 升级款,169,81,,https://item.jd.com/10047474866042.html
海尔（Haier） 家用除湿机办公室抽湿机卫生间除潮器地下室去湿吸湿器wifi吸潮量20 /日 WiFi款 CF20-PK1,1099,8,京东物流,https://item.jd.com/10058206792616.html
湿井电器（wetwells） 湿井 MCH-03Y工业除湿加湿机一体机 实验室仪器室智能恒湿机恒湿器 MCH-03Y自动加水,6800,71,,https://item.jd.com/10029014955018.html
美的（Midea） 除湿机/抽湿机 除湿量50升/天 海量除湿干燥机家用地下室复式别墅商用工业吸湿 CF50BD/N7-DP5,2099,0,,https://item.jd.com/10060733334145.html
